{"type":"FeatureCollection","features":[{"type":"Feature","properties":{"name":"Ladakh"},"geometry":{"type":"Polygon","coordinates":[[[77.8003,35.4954],[77.8831,35.4311],[78.0443,35.4916],[78.0012,35.2689],[78.1481,34.9431],[78.2732,34.6589],[78.6073,34.5465],[78.8392,34.3969],[78.9569,34.34],[78.9855,34.2399],[78.7301,34.0793],[78.7941,33.7439],[78.9159,33.3877],[79.023,33.318],[79.125,33.2902],[79.4201,33.2752],[79.3811,33.0618],[79.3785,32.9789],[79.6139,32.765],[79.5157,32.6081],[79.3795,32.5765],[79.2152,32.5079],[79.1129,32.4724],[79.0663,32.3701],[78.9898,32.3641],[78.8815,32.3763],[78.7369,32.5458],[78.751,32.6128],[78.6649,32.599],[78.4475,32.5663],[78.3589,32.5156],[78.2822,32.4807],[78.2819,32.5324],[78.3041,32.5962],[78.3684,32.6398],[78.3843,32.6994],[78.3703,32.7611],[78.3339,32.7678],[78.3176,32.7436],[78.2687,32.7157],[78.2081,32.6922],[78.1317,32.6715],[78.093,32.649],[78.059,32.6183],[77.9883,32.6338],[77.9385,32.6953],[77.9105,32.7907],[77.7652,32.9626],[77.7123,33.0145],[77.6734,32.9994],[77.6249,32.9715],[77.5669,32.9299],[77.4777,32.9012],[77.385,32.884],[77.2199,32.902],[76.9561,33.0251],[76.8484,33.1148],[76.7398,33.1974],[76.488,33.5022],[76.2327,33.6499],[76.0733,33.922],[75.8796,33.9637],[75.6995,34.1177],[75.4695,34.2801],[75.6116,34.4984],[75.7771,34.5038],[75.9393,34.612],[76.0075,34.6651],[76.155,34.6617],[76.4765,34.7578],[76.6396,34.7411],[76.7496,34.8921],[76.8526,34.9433],[76.9338,34.9289],[77.0352,35.0345],[77.049,35.1104],[77.8003,35.4954]]]}},{"type":"Feature","properties":{"name":"Arunachal Pradesh"},"geometry":{"type":"Polygon","coordinates":[[[96.2947,28.9923],[96.4521,28.9704],[96.5004,28.9292],[96.5926,28.7579],[96.409,28.5589],[96.4411,28.3954],[96.6044,28.4445],[96.9658,28.3305],[97.1155,28.3666],[97.2105,28.3081],[97.3235,28.2175],[97.3065,28.0697],[97.34,27.9518],[97.3335,27.8942],[97.288,27.8978],[97.2229,27.8997],[97.1318,27.8169],[97.0982,27.791],[97.062,27.7633],[97.0362,27.7429],[96.9395,27.674],[96.8621,27.5993],[96.8803,27.5438],[96.8902,27.4925],[97.0679,27.2171],[97.1044,27.156],[97.1348,27.1273],[97.106,27.0826],[97.067,27.0952],[97.0268,27.0915],[96.8653,27.1716],[96.8596,27.2407],[96.7892,27.318],[96.7052,27.3608],[96.649,27.3362],[96.6142,27.3484],[96.5473,27.3064],[96.4747,27.2954],[96.0132,27.1908],[95.8889,27.027],[95.735,26.9473],[95.64,26.8864],[95.5913,26.8237],[95.4898,26.8107],[95.3927,26.6918],[95.2469,26.6489],[95.2257,26.731],[95.2331,26.7981],[95.1974,26.8418],[95.2148,26.8766],[95.2316,26.9081],[95.2092,26.9882],[95.1764,27.0332],[95.2158,27.0465],[95.3049,27.0791],[95.4053,27.1337],[95.4733,27.1948],[95.4934,27.25],[95.5459,27.2739],[95.6224,27.233],[95.8456,27.2828],[95.8789,27.2861],[95.9177,27.2884],[95.9506,27.3121],[95.9642,27.3245],[95.9818,27.3507],[96.0097,27.3698],[96.0041,27.4229],[95.961,27.4511],[95.9356,27.4443],[95.8877,27.4018],[95.8867,27.4478],[95.8958,27.4975],[95.8716,27.5764],[95.8236,27.6078],[95.7951,27.637],[95.7874,27.7417],[95.9515,27.9479],[95.9641,27.9933],[95.569,27.9164],[95.3826,27.8704],[95.3132,27.8958],[94.9481,27.7695],[94.789,27.6994],[94.5629,27.6184],[94.4999,27.6057],[94.3235,27.6068],[94.2715,27.6336],[94.2431,27.648],[94.2286,27.583],[94.2569,27.5481],[94.0663,27.3858],[93.9595,27.3059],[93.8258,27.1415],[93.7965,27.0806],[93.7181,27.0199],[93.5464,26.9729],[93.431,26.9675],[93.0203,26.953],[92.9392,26.9874],[92.9026,27.0184],[92.6788,27.0611],[92.6057,27.0094],[92.3289,26.9357],[92.2103,26.9123],[92.067,26.9948],[91.9877,27.104],[92.003,27.1726],[92.0271,27.1998],[92.0506,27.2514],[92.0236,27.4468],[91.8566,27.4662],[91.727,27.46],[91.6417,27.495],[91.5733,27.6197],[91.6358,27.7825],[91.6283,27.8527],[91.8564,27.7645],[91.968,27.7463],[92.1263,27.8127],[92.2752,27.8117],[92.3292,27.8329],[92.3679,27.8038],[92.4044,27.8538],[92.4751,27.8466],[92.6365,27.8954],[92.7013,28.0252],[92.6389,28.0575],[92.7079,28.1554],[92.7854,28.1833],[92.8348,28.1835],[92.9038,28.2497],[93.0464,28.3021],[93.1863,28.432],[93.3028,28.5569],[93.5517,28.6789],[93.6649,28.6902],[93.8631,28.7049],[93.9931,28.8019],[94.0795,28.8831],[94.2914,28.9773],[94.2875,29.1479],[94.3625,29.1853],[94.475,29.2108],[94.5827,29.3029],[94.7042,29.2847],[94.7766,29.1667],[94.8913,29.1605],[95.1169,29.1081],[95.2128,29.0819],[95.2816,29.0527],[95.5113,29.1318],[95.5153,29.2094],[95.5538,29.239],[95.5923,29.2497],[95.7448,29.3404],[95.9537,29.3592],[96.151,29.3541],[96.2353,29.2412],[96.3371,29.2797],[96.3424,29.2106],[96.1936,29.1369],[96.1953,28.9411],[96.2947,28.9923]]]}},{"type":"Feature","properties":{"name":"Sikkim"},"geometry":{"type":"Polygon","coordinates":[[[88.8923,27.3155],[88.8012,27.2564],[88.7301,27.151],[88.6933,27.1551],[88.5423,27.1781],[88.4036,27.0908],[88.3432,27.0915],[88.1486,27.1379],[88.0845,27.1594],[88.0696,27.209],[88.029,27.2981],[88.0158,27.3642],[88.0296,27.4187],[88.0398,27.4424],[88.0221,27.4842],[88.1349,27.7232],[88.1666,27.8336],[88.1182,27.8609],[88.1157,27.9473],[88.1749,27.9498],[88.3999,27.9947],[88.5021,28.0289],[88.594,28.1066],[88.7101,28.062],[88.8175,27.9949],[88.8098,27.9445],[88.8516,27.8772],[88.7831,27.622],[88.7416,27.5317],[88.7598,27.4351],[88.8198,27.3736],[88.8923,27.3155]]]}},{"type":"Feature","properties":{"name":"West Bengal"},"geometry":{"type":"MultiPolygon","coordinates":[[[[88.7331,27.149],[88.8408,27.0752],[88.8517,26.9454],[88.9245,26.9617],[88.9323,26.9192],[88.9753,26.9217],[89.0607,26.8815],[89.1281,26.8135],[89.2526,26.8268],[89.3002,26.8444],[89.4429,26.797],[89.6114,26.766],[89.6283,26.7125],[89.7547,26.701],[89.8137,26.6961],[89.8268,26.7135],[89.8297,26.7276],[89.8508,26.7232],[89.879,26.637],[89.8708,26.5039],[89.8434,26.3822],[89.8182,26.3642],[89.8255,26.3404],[89.8065,26.3204],[89.7588,26.2632],[89.7326,26.2375],[89.7273,26.2062],[89.6584,26.2079],[89.6064,26.211],[89.594,26.1697],[89.5628,26.1426],[89.5925,26.114],[89.5769,26.0826],[89.6029,26.0553],[89.5491,25.9689],[89.5095,25.9726],[89.4806,25.9992],[89.4161,25.9926],[89.3797,26.0153],[89.3151,26.0068],[89.2293,26.0672],[89.1316,26.1338],[89.0959,26.241],[89.0803,26.3156],[89.0957,26.3345],[89.0573,26.3626],[89.0109,26.3902],[88.9593,26.4286],[88.912,26.4212],[88.9124,26.3489],[88.9817,26.2918],[89.0044,26.2757],[89.0397,26.2472],[88.9027,26.2729],[88.8248,26.2266],[88.784,26.2799],[88.6533,26.2831],[88.7097,26.3406],[88.6685,26.3857],[88.6519,26.4071],[88.6115,26.4308],[88.5792,26.466],[88.5068,26.4876],[88.4624,26.5288],[88.395,26.5784],[88.3725,26.6116],[88.3193,26.4949],[88.3356,26.4482],[88.3536,26.4846],[88.4754,26.432],[88.4679,26.3541],[88.4317,26.3622],[88.3668,26.3134],[88.3345,26.2308],[88.2298,26.184],[88.1969,26.1596],[88.1414,26.0905],[88.151,26.067],[88.1259,26.0134],[88.0774,25.9128],[88.0876,25.84],[88.1149,25.7873],[88.1827,25.7924],[88.393,25.6808],[88.4754,25.5626],[88.5303,25.5002],[88.6454,25.4673],[88.6957,25.4836],[88.7327,25.491],[88.781,25.4952],[88.8163,25.4372],[88.8133,25.3801],[88.849,25.3272],[88.9029,25.3034],[88.9849,25.285],[88.9291,25.2294],[88.9096,25.1892],[88.8236,25.1948],[88.7923,25.1666],[88.6343,25.1923],[88.5707,25.1732],[88.5232,25.1798],[88.4315,25.173],[88.391,24.9951],[88.3228,24.8747],[88.2428,24.8806],[88.2024,24.9453],[88.1149,24.912],[88.141,24.8446],[88.0948,24.8031],[88.077,24.7612],[88.0354,24.6938],[88.0572,24.6341],[88.085,24.5417],[88.1079,24.508],[88.4754,24.3155],[88.6345,24.2941],[88.7146,24.3154],[88.7475,24.227],[88.7316,24.1898],[88.6838,24.1665],[88.6818,24.1127],[88.6978,24.0563],[88.7138,24.0147],[88.7171,23.9431],[88.6531,23.8698],[88.5776,23.8552],[88.5775,23.8185],[88.5525,23.7654],[88.5416,23.6388],[88.5644,23.6162],[88.5815,23.5883],[88.6476,23.5351],[88.7194,23.4681],[88.7702,23.4888],[88.6859,23.2933],[88.7757,23.2216],[88.8095,23.2361],[88.9181,23.2086],[88.9598,23.1945],[88.8648,23.1003],[88.8388,22.9758],[88.8935,22.8796],[88.9468,22.8345],[88.9262,22.767],[88.9225,22.6937],[88.952,22.6119],[88.959,22.5368],[89.0025,22.428],[88.9896,22.3869],[89.0091,22.2856],[89.0762,22.175],[89.0603,22.1306],[89.0399,22.1009],[89.0574,22.0312],[89.0231,21.9311],[88.993,21.9127],[88.9346,21.9693],[88.9108,21.9465],[88.9683,21.9047],[89.0437,21.7333],[89.0852,21.6747],[89.0532,21.6098],[89.0339,21.6332],[89.0003,21.6034],[88.8916,21.6535],[88.8661,21.7668],[88.8382,21.702],[88.8442,21.6222],[88.8148,21.6539],[88.8109,21.6917],[88.784,21.656],[88.7817,21.6142],[88.7625,21.5559],[88.688,21.6781],[88.6945,21.8398],[88.7332,21.9772],[88.7546,22.0376],[88.7302,22.1036],[88.7122,22.109],[88.6995,22.0532],[88.7017,21.976],[88.667,21.945],[88.626,21.9555],[88.6535,22.018],[88.6395,22.0972],[88.6831,22.185],[88.656,22.1833],[88.6349,22.145],[88.6183,22.103],[88.6204,22.03],[88.5984,21.9293],[88.5646,21.7668],[88.6328,21.7501],[88.5986,21.7054],[88.5781,21.6234],[88.5448,21.562],[88.5344,21.5429],[88.488,21.5565],[88.514,21.6008],[88.523,21.6499],[88.5127,21.7634],[88.4956,21.8767],[88.4998,21.9337],[88.4771,21.8718],[88.4883,21.8037],[88.4577,21.7589],[88.4686,21.6772],[88.4419,21.6162],[88.3836,21.6314],[88.3645,21.687],[88.3364,21.7087],[88.3274,21.6911],[88.3455,21.6365],[88.3045,21.6334],[88.2731,21.7979],[88.297,21.6539],[88.2876,21.6003],[88.3037,21.5688],[88.2661,21.5539],[88.2375,21.6017],[88.1819,21.6652],[88.2105,21.7473],[88.1541,21.8881],[88.1499,21.9764],[88.2224,22.0779],[88.1653,22.185],[88.0597,22.2295],[87.9851,22.2659],[87.9507,22.3562],[87.928,22.4242],[87.9358,22.3552],[87.992,22.2159],[88.0955,22.1912],[88.1643,22.0898],[88.0486,22.0207],[88.0508,21.985],[87.9705,21.8365],[87.9022,21.7968],[87.8929,21.7743],[87.7038,21.6555],[87.4774,21.6136],[87.4279,21.7037],[87.4245,21.7747],[87.2397,21.8326],[87.2147,21.9241],[87.1366,21.9772],[87.1008,21.9513],[87.0691,21.9276],[87.0314,21.908],[87.0047,22.0001],[87.0009,22.0452],[86.9713,22.0795],[86.8614,22.1205],[86.7667,22.1677],[86.7046,22.1887],[86.7239,22.2422],[86.7619,22.2406],[86.7723,22.2839],[86.8496,22.2944],[86.8166,22.3364],[86.7899,22.4156],[86.7231,22.462],[86.7121,22.4982],[86.7163,22.5056],[86.7571,22.5058],[86.7494,22.5448],[86.6854,22.5908],[86.6013,22.619],[86.4987,22.7431],[86.4523,22.7454],[86.4002,22.8394],[86.4148,22.9059],[86.4148,22.9435],[86.483,22.9742],[86.5065,22.9883],[86.4683,22.9985],[86.459,23.0025],[86.218,23.0199],[86.1636,23.0111],[85.9826,23.175],[85.8884,23.1631],[85.8712,23.2107],[85.844,23.307],[85.8834,23.3679],[85.8948,23.4165],[85.8415,23.4301],[85.8224,23.4702],[85.903,23.5027],[86.0048,23.5142],[86.0014,23.5723],[86.0156,23.6018],[86.0983,23.5787],[86.1215,23.5009],[86.1342,23.4883],[86.2039,23.4612],[86.273,23.4537],[86.3281,23.4978],[86.3365,23.5084],[86.3425,23.5541],[86.4105,23.6166],[86.6461,23.6969],[86.8224,23.7769],[86.8097,23.8181],[86.8463,23.8681],[86.8614,23.8954],[86.8898,23.912],[86.9963,23.8621],[87.0567,23.8255],[87.1703,23.8235],[87.1394,23.8599],[87.1543,23.8799],[87.2054,23.8689],[87.2412,23.8508],[87.2504,23.9055],[87.2827,23.9279],[87.2567,23.9807],[87.2471,24.0058],[87.2355,24.0404],[87.3161,24.0511],[87.3281,24.0076],[87.4176,24.0239],[87.4817,24.0402],[87.4926,24.0979],[87.5066,24.1402],[87.5633,24.1121],[87.5893,24.1708],[87.6509,24.1795],[87.6459,24.2235],[87.6246,24.2229],[87.6237,24.2605],[87.6918,24.2966],[87.7798,24.4355],[87.7804,24.4718],[87.8005,24.5008],[87.7871,24.5338],[87.7717,24.5783],[87.7575,24.5993],[87.8031,24.5919],[87.8492,24.5795],[87.8948,24.6044],[87.8738,24.6298],[87.8908,24.6559],[87.883,24.6871],[87.8748,24.7261],[87.8533,24.7584],[87.8124,24.7757],[87.8307,24.7948],[87.8567,24.7961],[87.8791,24.8787],[87.8589,25.0089],[87.7974,25.0837],[87.7763,25.0968],[87.7704,25.1479],[87.7791,25.192],[87.8381,25.2778],[87.8168,25.3411],[87.7963,25.3681],[87.7782,25.3662],[87.7667,25.382],[87.7477,25.3974],[87.7497,25.4113],[87.7679,25.4297],[87.8194,25.4574],[87.8782,25.4998],[87.8855,25.5037],[87.9749,25.5283],[88.0058,25.5012],[88.0628,25.5246],[88.0431,25.5471],[88.0567,25.6213],[88.0428,25.6781],[87.9322,25.7513],[87.8927,25.8042],[87.8651,25.8439],[87.801,25.8788],[87.7945,25.8937],[87.7895,25.9192],[87.8144,25.9318],[87.8299,25.9866],[87.8314,26.0106],[87.9703,26.1383],[87.9994,26.146],[88.0475,26.1771],[88.1186,26.2265],[88.2089,26.2936],[88.2765,26.3349],[88.3024,26.3439],[88.2922,26.3765],[88.2538,26.4036],[88.2784,26.4237],[88.2374,26.4746],[88.1996,26.496],[88.1962,26.5126],[88.1502,26.5353],[88.0871,26.5391],[88.1675,26.725],[88.1553,26.8456],[88.1118,26.9243],[88.0428,27.0289],[87.9755,27.0951],[87.9855,27.1484],[88.0362,27.2293],[88.082,27.1696],[88.1182,27.1385],[88.3366,27.099],[88.3717,27.0846],[88.518,27.1762],[88.6717,27.1712],[88.7331,27.149]]],[[[88.8729,21.5955],[88.9139,21.5484],[88.8625,21.5236],[88.8729,21.5955]]],[[[88.0505,21.7054],[88.167,21.7654],[88.146,21.6437],[88.0916,21.6365],[88.0422,21.6682],[88.0505,21.7054]]],[[[88.6362,21.9214],[88.667,21.8903],[88.6362,21.7927],[88.585,21.8266],[88.6165,21.8979],[88.6362,21.9214]]],[[[88.0809,21.8494],[88.0773,21.9046],[88.1189,21.945],[88.0809,21.8494]]]]}},{"type":"Feature","properties":{"name":"Assam"},"geometry":{"type":"Polygon","coordinates":[[[89.8587,26.7221],[89.9121,26.7167],[90.1522,26.7718],[90.266,26.8516],[90.3286,26.8907],[90.5878,26.7801],[91.0128,26.7843],[91.1982,26.8023],[91.2966,26.7746],[91.3584,26.8062],[91.4063,26.8695],[91.4845,26.8527],[91.5756,26.8101],[91.7021,26.8035],[91.8439,26.8494],[91.8787,26.803],[91.8955,26.8535],[91.9257,26.8787],[92.0728,26.8878],[92.2577,26.9246],[92.3657,26.95],[92.6262,27.0181],[92.6988,27.0659],[92.9362,27.0015],[92.945,26.9786],[93.375,26.9888],[93.4607,26.9472],[93.6021,26.9772],[93.7348,27.0326],[93.8266,27.096],[93.8271,27.167],[93.9825,27.3277],[94.1126,27.4225],[94.2558,27.5508],[94.2172,27.5968],[94.2508,27.6486],[94.2815,27.6202],[94.3529,27.5931],[94.5159,27.6046],[94.6071,27.6465],[94.7985,27.7012],[95.247,27.8662],[95.3409,27.8812],[95.4084,27.8708],[95.5884,27.9307],[95.9731,27.9888],[95.9382,27.9191],[95.7759,27.7173],[95.7985,27.6277],[95.828,27.605],[95.88,27.5695],[95.8796,27.4626],[95.8904,27.4387],[95.8932,27.3997],[95.9403,27.4469],[95.9689,27.4509],[96.0094,27.4134],[96.0072,27.3651],[95.9761,27.3469],[95.9619,27.3195],[95.9316,27.3077],[95.9143,27.2823],[95.8707,27.287],[95.8119,27.2863],[95.5977,27.2479],[95.5343,27.2718],[95.4881,27.2415],[95.4631,27.1769],[95.386,27.1287],[95.2612,27.0489],[95.1997,27.0468],[95.1659,27.024],[95.149,27.0001],[94.9985,26.9233],[94.931,26.9484],[94.9017,26.9381],[94.7989,26.8144],[94.5872,26.6999],[94.5314,26.6882],[94.4866,26.6767],[94.4287,26.6169],[94.4206,26.5675],[94.3582,26.4984],[94.3083,26.4854],[94.2984,26.5012],[94.2474,26.5233],[94.1839,26.3956],[94.1346,26.3337],[94.0017,26.1649],[93.9988,26.0681],[93.9697,26.027],[93.9745,25.9775],[93.9819,25.9309],[93.9042,25.8568],[93.7883,25.8311],[93.7748,25.8463],[93.8076,25.8915],[93.8041,25.9427],[93.7587,25.9606],[93.6974,25.9334],[93.6809,25.9028],[93.7089,25.8701],[93.5808,25.7631],[93.379,25.5809],[93.3406,25.5293],[93.366,25.4989],[93.3846,25.4809],[93.4167,25.4491],[93.4501,25.4041],[93.455,25.3381],[93.4108,25.2617],[93.3396,25.1122],[93.3121,25.0658],[93.275,25.0517],[93.2601,25.0088],[93.2651,24.9584],[93.2418,24.9493],[93.2517,24.9275],[93.2054,24.8321],[93.1811,24.8094],[93.1537,24.8241],[93.1353,24.8192],[93.1119,24.7805],[93.0905,24.7139],[93.0974,24.6797],[93.0956,24.5936],[93.0645,24.5589],[93.0118,24.4128],[92.9441,24.3853],[92.8373,24.3676],[92.7652,24.4813],[92.7146,24.3933],[92.6795,24.3422],[92.625,24.2552],[92.6105,24.2332],[92.5248,24.1656],[92.4802,24.1292],[92.4442,24.1383],[92.4149,24.1957],[92.4273,24.2246],[92.423,24.238],[92.231,24.248],[92.2584,24.352],[92.2395,24.4289],[92.232,24.4884],[92.15,24.5422],[92.1734,24.6084],[92.2369,24.8086],[92.2218,24.857],[92.2902,24.8914],[92.3593,24.8464],[92.3709,24.8379],[92.4915,24.8837],[92.4838,24.9282],[92.45,24.9466],[92.4538,24.9582],[92.4125,24.9844],[92.3947,24.9932],[92.3849,25.0048],[92.5101,25.1129],[92.5575,25.1279],[92.5649,25.1524],[92.6492,25.1554],[92.8108,25.2402],[92.7909,25.2707],[92.7925,25.3045],[92.7896,25.3489],[92.7423,25.392],[92.6704,25.4391],[92.6203,25.47],[92.5851,25.4959],[92.6364,25.5348],[92.6649,25.5733],[92.682,25.6061],[92.6558,25.6115],[92.604,25.5843],[92.5934,25.5867],[92.4136,25.7518],[92.354,25.7529],[92.2668,25.7233],[92.1784,25.6847],[92.1738,25.7552],[92.1655,25.8092],[92.2147,25.9195],[92.1791,25.9477],[92.1797,25.9877],[92.2684,26.0784],[92.1497,26.0845],[92.0309,26.0593],[91.9034,26.0401],[91.8253,26.0893],[91.7452,26.0395],[91.7182,25.9677],[91.6551,25.9302],[91.6326,25.9611],[91.6459,26.0016],[91.6062,26.0377],[91.5684,26.0],[91.5026,25.9187],[91.4753,25.8848],[91.5274,25.9016],[91.4735,25.8618],[91.3291,25.8212],[91.2335,25.7319],[91.1977,25.7956],[91.1959,25.8689],[91.073,25.8398],[91.0464,25.8429],[91.0299,25.8744],[91.0144,25.9157],[90.9816,25.9367],[90.8988,25.9479],[90.7883,25.9274],[90.769,25.9537],[90.6918,25.9496],[90.6336,25.9391],[90.6177,25.9698],[90.5933,25.9487],[90.5306,25.9123],[90.5489,25.952],[90.5152,26.0001],[90.4621,26.0109],[90.3737,26.0144],[90.3239,25.9848],[90.1356,25.9598],[90.0567,25.8997],[90.0202,25.8524],[89.9726,25.7805],[89.9502,25.7359],[89.9423,25.6915],[89.9666,25.6386],[90.004,25.5979],[89.9808,25.5675],[89.9034,25.5535],[89.8936,25.4855],[89.834,25.4483],[89.8344,25.6348],[89.787,25.8391],[89.8107,25.9388],[89.8287,25.9794],[89.811,25.996],[89.802,25.9886],[89.7764,26.0082],[89.7511,26.0715],[89.7243,26.1307],[89.6777,26.1531],[89.6572,26.1654],[89.7273,26.2062],[89.7326,26.2375],[89.7588,26.2632],[89.8065,26.3204],[89.8255,26.3404],[89.8182,26.3642],[89.8434,26.3822],[89.8708,26.5039],[89.879,26.637],[89.8587,26.7221]]]}},{"type":"Feature","properties":{"name":"Uttarakhand"},"geometry":{"type":"Polygon","coordinates":[[[80.2162,30.5668],[80.4754,30.4805],[80.56,30.4651],[80.7231,30.392],[80.7817,30.321],[80.9963,30.2269],[80.9208,30.1767],[80.8837,30.2103],[80.8497,30.1434],[80.7257,30.0228],[80.6414,29.9634],[80.5629,29.9297],[80.4549,29.7906],[80.3544,29.7049],[80.3852,29.6048],[80.3327,29.5525],[80.3276,29.5299],[80.2915,29.4947],[80.2662,29.4721],[80.2177,29.4346],[80.2495,29.327],[80.2801,29.3102],[80.2487,29.2044],[80.2305,29.1547],[80.1806,29.1213],[80.1047,29.0276],[80.0852,28.9675],[80.0339,28.9159],[80.0548,28.8242],[80.0555,28.7791],[79.9872,28.7336],[79.9289,28.7577],[79.9188,28.7802],[79.8912,28.7932],[79.8732,28.8158],[79.8286,28.8245],[79.8126,28.8769],[79.7303,28.8735],[79.6328,28.8633],[79.5804,28.8595],[79.4437,28.8496],[79.4013,28.9408],[79.3613,28.9703],[79.2964,28.9716],[79.1432,29.0873],[79.0559,29.1518],[78.9504,29.127],[78.8857,29.1974],[78.7161,29.2929],[78.7262,29.3163],[78.7611,29.3303],[78.7968,29.3208],[78.8314,29.3503],[78.9069,29.3884],[78.9064,29.4305],[78.589,29.5801],[78.4787,29.722],[78.3254,29.8431],[78.2087,29.9555],[78.1598,29.9386],[78.1905,29.7926],[78.1072,29.6545],[77.9828,29.7188],[77.8315,29.6599],[77.7509,29.8602],[77.7464,29.9773],[77.9205,30.1987],[77.8116,30.2923],[77.619,30.402],[77.5653,30.4149],[77.6445,30.4422],[77.7917,30.5073],[77.815,30.5402],[77.7847,30.5547],[77.7453,30.6059],[77.7647,30.6608],[77.7393,30.7195],[77.7058,30.7915],[77.7604,30.8839],[77.7934,30.8957],[77.7715,30.9417],[77.7565,30.9854],[77.7932,30.9841],[77.796,31.0314],[77.8978,31.138],[77.9637,31.1761],[78.0708,31.1852],[78.2842,31.2903],[78.3687,31.29],[78.4017,31.2681],[78.4427,31.262],[78.5189,31.2216],[78.6219,31.2263],[78.6872,31.2158],[78.7927,31.207],[78.8463,31.1352],[78.947,31.1201],[78.9933,31.1634],[78.8977,31.2751],[78.9596,31.3251],[79.0702,31.4614],[79.1792,31.3938],[79.2392,31.3117],[79.2529,31.2454],[79.3032,31.1831],[79.3723,31.0941],[79.4016,31.0236],[79.4616,31.0211],[79.4869,31.0002],[79.5296,30.9536],[79.5895,30.9402],[79.739,30.9792],[79.8629,30.9415],[79.9194,30.8812],[80.0444,30.8067],[80.1407,30.7932],[80.2246,30.7341],[80.1917,30.6797],[80.1669,30.6619],[80.2033,30.6063],[80.2162,30.5668]]]}},{"type":"Feature","properties":{"name":"Nagaland"},"geometry":{"type":"Polygon","coordinates":[[[95.2469,26.6489],[95.1956,26.6608],[95.1414,26.625],[95.1159,26.5756],[95.0992,26.5361],[95.0426,26.4597],[95.0505,26.3591],[95.0587,26.2177],[95.0908,26.2027],[95.0784,26.1713],[95.1501,26.071],[95.0659,25.9538],[94.994,25.9004],[95.0088,25.7371],[94.9615,25.718],[94.8535,25.586],[94.8508,25.5628],[94.7824,25.5046],[94.692,25.4763],[94.616,25.4524],[94.5359,25.5137],[94.5707,25.6215],[94.5739,25.6856],[94.4763,25.6151],[94.3867,25.5414],[94.2094,25.4955],[94.1835,25.5007],[94.1508,25.5214],[94.084,25.5195],[94.0267,25.5538],[93.8032,25.5436],[93.7659,25.5165],[93.7594,25.5],[93.8014,25.486],[93.8134,25.4572],[93.6791,25.3283],[93.6153,25.2187],[93.5864,25.2126],[93.5464,25.2517],[93.501,25.2734],[93.4807,25.279],[93.4492,25.3021],[93.4585,25.3807],[93.4378,25.4319],[93.3963,25.4614],[93.3716,25.4931],[93.3614,25.5076],[93.3383,25.5485],[93.4773,25.6531],[93.6967,25.8555],[93.7026,25.8814],[93.6779,25.9194],[93.7473,25.9554],[93.7868,25.9564],[93.81,25.9181],[93.7951,25.8713],[93.7749,25.8343],[93.8359,25.8451],[93.9478,25.8862],[93.9892,25.9462],[93.9697,25.9933],[93.9833,26.0531],[94.0102,26.1313],[94.0077,26.1844],[94.1704,26.3608],[94.1954,26.4655],[94.291,26.5429],[94.2988,26.4995],[94.3279,26.4819],[94.387,26.5252],[94.4212,26.5934],[94.4695,26.6613],[94.5104,26.6771],[94.5492,26.7019],[94.6905,26.741],[94.861,26.9019],[94.9171,26.9512],[94.9662,26.9271],[95.0312,26.9335],[95.1523,27.0038],[95.1799,27.0037],[95.2254,26.9742],[95.2291,26.8983],[95.2081,26.8725],[95.2002,26.8301],[95.2353,26.7906],[95.2275,26.7238],[95.2469,26.6489]]]}},{"type":"Feature","properties":{"name":"Manipur"},"geometry":{"type":"Polygon","coordinates":[[[94.6504,25.4467],[94.5533,25.2041],[94.6891,25.1385],[94.6898,24.9951],[94.599,24.8135],[94.5815,24.7301],[94.531,24.7075],[94.475,24.5974],[94.3971,24.4951],[94.3612,24.4254],[94.3283,24.3885],[94.3028,24.341],[94.2828,24.2664],[94.2141,24.0692],[94.1903,23.9953],[94.1351,23.8773],[94.0997,23.8426],[93.9979,23.917],[93.8832,23.9453],[93.7111,24.0055],[93.5856,23.9873],[93.5613,23.9657],[93.5268,23.9754],[93.449,23.9689],[93.3965,24.0375],[93.3097,24.064],[93.2936,24.0356],[93.2486,24.0288],[93.2486,24.057],[93.2235,24.0625],[93.1874,24.0403],[93.1703,24.0464],[93.148,24.062],[93.1143,24.0441],[93.0844,24.0641],[92.9794,24.1048],[92.9909,24.1217],[92.998,24.1602],[93.0093,24.215],[93.0143,24.2745],[93.0459,24.3265],[93.0221,24.3902],[93.0457,24.4445],[93.0906,24.5698],[93.0991,24.6544],[93.0881,24.6903],[93.0976,24.7268],[93.124,24.8098],[93.1481,24.8239],[93.1681,24.8137],[93.1994,24.8165],[93.227,24.8802],[93.2403,24.9397],[93.2515,24.9527],[93.2768,24.9734],[93.263,25.036],[93.2882,25.059],[93.3208,25.0873],[93.3657,25.1777],[93.4492,25.3021],[93.4807,25.279],[93.501,25.2734],[93.5464,25.2517],[93.5864,25.2126],[93.6153,25.2187],[93.6791,25.3283],[93.8134,25.4572],[93.8014,25.486],[93.7594,25.5],[93.7659,25.5165],[93.8032,25.5436],[94.0267,25.5538],[94.084,25.5195],[94.1508,25.5214],[94.1835,25.5007],[94.2094,25.4955],[94.3867,25.5414],[94.4763,25.6151],[94.5739,25.6856],[94.5707,25.6215],[94.5359,25.5137],[94.616,25.4524],[94.6504,25.4467]]]}},{"type":"Feature","properties":{"name":"Mizoram"},"geometry":{"type":"Polygon","coordinates":[[[93.3026,24.0358],[93.3161,23.9611],[93.356,23.907],[93.4063,23.7191],[93.4324,23.6473],[93.4078,23.3564],[93.3779,23.2968],[93.373,23.1542],[93.3183,23.0337],[93.2256,23.0204],[93.1524,23.0499],[93.1511,22.9562],[93.1611,22.861],[93.0795,22.7727],[93.1044,22.6159],[93.0992,22.512],[93.1659,22.3866],[93.1613,22.2425],[93.1235,22.2307],[93.1043,22.1872],[93.0364,22.2062],[93.0226,22.121],[92.9855,22.096],[92.9749,22.0233],[92.979,21.9954],[92.9617,21.9869],[92.921,22.0218],[92.8775,21.957],[92.8361,22.0465],[92.674,22.1471],[92.6695,22.0927],[92.6561,22.0606],[92.6399,22.0134],[92.598,21.9893],[92.5752,21.9866],[92.5493,22.1385],[92.5189,22.4954],[92.5029,22.6186],[92.4537,22.748],[92.4119,22.8879],[92.353,23.0299],[92.3507,23.261],[92.3471,23.3154],[92.3449,23.3591],[92.3269,23.396],[92.3015,23.4318],[92.25,23.6426],[92.2609,23.7757],[92.2682,23.8161],[92.2786,23.8421],[92.2954,23.8546],[92.3066,23.8477],[92.3186,23.8505],[92.3211,23.8838],[92.3141,23.9058],[92.3162,23.9503],[92.3288,24.0058],[92.3181,24.0359],[92.3254,24.1883],[92.3128,24.213],[92.3689,24.2416],[92.4286,24.2326],[92.4171,24.2075],[92.4313,24.153],[92.4635,24.1286],[92.5019,24.1409],[92.5885,24.2213],[92.6245,24.2385],[92.6226,24.2807],[92.7073,24.3696],[92.7511,24.4794],[92.7838,24.4616],[92.8634,24.3656],[92.9919,24.3807],[93.0229,24.3543],[93.0261,24.3],[93.0177,24.2399],[93.0072,24.1971],[92.9976,24.1313],[92.9807,24.1133],[92.9955,24.0953],[93.0982,24.05],[93.1354,24.0595],[93.1681,24.0548],[93.1725,24.0408],[93.2132,24.0492],[93.2329,24.0688],[93.2536,24.0417],[93.2487,24.0177],[93.3026,24.0358]]]}},{"type":"Feature","properties":{"name":"Tripura"},"geometry":{"type":"Polygon","coordinates":[[[92.2597,23.7026],[92.2094,23.6616],[92.1508,23.7317],[92.0424,23.6456],[91.9491,23.7098],[91.9144,23.6883],[91.9181,23.4599],[91.8177,23.4009],[91.7492,23.2324],[91.7956,23.0895],[91.7642,23.0656],[91.7563,23.0522],[91.7144,23.0031],[91.6541,22.9781],[91.6258,22.9815],[91.6024,22.953],[91.5768,22.9688],[91.5236,22.9952],[91.5061,23.0412],[91.4704,23.1533],[91.4454,23.203],[91.4396,23.2226],[91.4136,23.2486],[91.3557,23.2241],[91.3374,23.0711],[91.2729,23.3135],[91.2829,23.3476],[91.2581,23.3736],[91.2273,23.4688],[91.1859,23.5116],[91.1363,23.6295],[91.1752,23.6703],[91.1323,23.7206],[91.195,23.7552],[91.224,23.8575],[91.2504,23.964],[91.3049,23.9939],[91.3391,23.9952],[91.4046,24.1031],[91.5818,24.0961],[91.6245,24.2035],[91.6662,24.1559],[91.7326,24.1643],[91.7329,24.2343],[91.8114,24.192],[91.8771,24.158],[91.8964,24.3201],[91.9531,24.323],[91.95,24.3754],[92.1076,24.406],[92.1232,24.5254],[92.2217,24.5004],[92.2347,24.4482],[92.2602,24.3855],[92.2202,24.2643],[92.3042,24.2221],[92.3212,24.203],[92.3279,24.095],[92.3208,24.0208],[92.332,23.9948],[92.3138,23.9364],[92.3199,23.8932],[92.3211,23.8667],[92.3127,23.8452],[92.3023,23.8527],[92.2895,23.8515],[92.2707,23.8291],[92.2709,23.8051],[92.2597,23.7026]]]}},{"type":"Feature","properties":{"name":"Meghalaya"},"geometry":{"type":"Polygon","coordinates":[[[92.3849,25.0048],[92.3121,25.0686],[92.2201,25.0904],[92.1727,25.132],[92.1386,25.1364],[92.1005,25.1591],[92.0018,25.183],[91.7937,25.1653],[91.7177,25.1498],[91.6774,25.1526],[91.6131,25.1251],[91.5661,25.16],[91.5117,25.1425],[91.4319,25.138],[91.2031,25.1913],[90.9434,25.1574],[90.7794,25.152],[90.7327,25.1669],[90.6706,25.1588],[90.5833,25.162],[90.2869,25.1801],[89.8346,25.2824],[89.795,25.3742],[89.834,25.4483],[89.8936,25.4855],[89.9034,25.5535],[89.9808,25.5675],[90.004,25.5979],[89.9666,25.6386],[89.9423,25.6915],[89.9502,25.7359],[89.9726,25.7805],[90.0202,25.8524],[90.0567,25.8997],[90.1356,25.9598],[90.3239,25.9848],[90.3737,26.0144],[90.4621,26.0109],[90.5152,26.0001],[90.5489,25.952],[90.5306,25.9123],[90.5933,25.9487],[90.6177,25.9698],[90.6336,25.9391],[90.6918,25.9496],[90.769,25.9537],[90.7883,25.9274],[90.8988,25.9479],[90.9816,25.9367],[91.0144,25.9157],[91.0299,25.8744],[91.0464,25.8429],[91.073,25.8398],[91.1959,25.8689],[91.1977,25.7956],[91.2335,25.7319],[91.3291,25.8212],[91.4735,25.8618],[91.5274,25.9016],[91.4753,25.8848],[91.5026,25.9187],[91.5684,26.0],[91.6062,26.0377],[91.6459,26.0016],[91.6326,25.9611],[91.6551,25.9302],[91.7182,25.9677],[91.7452,26.0395],[91.8253,26.0893],[91.9034,26.0401],[92.0309,26.0593],[92.1497,26.0845],[92.2684,26.0784],[92.1797,25.9877],[92.1791,25.9477],[92.2147,25.9195],[92.1655,25.8092],[92.1738,25.7552],[92.1784,25.6847],[92.2668,25.7233],[92.354,25.7529],[92.4136,25.7518],[92.5934,25.5867],[92.604,25.5843],[92.6558,25.6115],[92.682,25.6061],[92.6649,25.5733],[92.6364,25.5348],[92.5851,25.4959],[92.6203,25.47],[92.6704,25.4391],[92.7423,25.392],[92.7896,25.3489],[92.7925,25.3045],[92.7909,25.2707],[92.8108,25.2402],[92.6492,25.1554],[92.5649,25.1524],[92.5575,25.1279],[92.5101,25.1129],[92.3849,25.0048]]]}},{"type":"Feature","properties":{"name":"Punjab"},"geometry":{"type":"Polygon","coordinates":[[[75.2947,32.1489],[75.3486,32.242],[75.2984,32.3324],[75.4227,32.354],[75.442,32.3362],[75.4742,32.3121],[75.5733,32.3746],[75.7057,32.4128],[75.7368,32.4559],[75.8286,32.4979],[75.8663,32.5049],[75.9126,32.4191],[75.7427,32.2993],[75.6229,32.2585],[75.6063,32.2259],[75.6323,32.191],[75.654,32.198],[75.6493,32.1615],[75.5809,32.0767],[75.6843,32.0531],[75.8018,32.0056],[75.9275,31.9079],[75.9619,31.8316],[75.9276,31.8299],[75.9431,31.7718],[76.147,31.3544],[76.2231,31.3156],[76.2683,31.3092],[76.2909,31.3392],[76.3196,31.3538],[76.345,31.4182],[76.3599,31.4303],[76.4394,31.2997],[76.4638,31.3071],[76.4917,31.2845],[76.5033,31.2909],[76.5316,31.2787],[76.5465,31.2567],[76.5642,31.28],[76.5842,31.2599],[76.5901,31.2266],[76.6218,31.2083],[76.5998,31.1349],[76.6116,31.0889],[76.6076,31.0521],[76.6452,30.9993],[76.7778,30.8973],[76.8086,30.8524],[76.8352,30.8359],[76.8146,30.7891],[76.7038,30.7814],[76.6954,30.7559],[76.7601,30.692],[76.7852,30.6723],[76.8117,30.6832],[76.8464,30.682],[76.8544,30.6753],[76.8793,30.6375],[76.8994,30.6048],[76.8931,30.5438],[76.9104,30.5142],[76.896,30.4866],[76.907,30.3958],[76.8805,30.3583],[76.8453,30.4175],[76.7865,30.4229],[76.7242,30.4165],[76.719,30.3734],[76.7402,30.3629],[76.6499,30.2968],[76.5646,30.2619],[76.5354,30.225],[76.5561,30.2209],[76.5864,30.2481],[76.5992,30.2365],[76.6093,30.2176],[76.6374,30.2054],[76.6387,30.1821],[76.6248,30.1428],[76.4865,30.0908],[76.4375,30.1243],[76.4093,30.1859],[76.3862,30.1717],[76.394,30.1494],[76.3735,30.117],[76.346,30.1366],[76.3278,30.1304],[76.3172,30.1066],[76.2742,30.1117],[76.2207,30.1398],[76.2024,30.1182],[76.2448,30.0964],[76.2246,30.0817],[76.217,30.0637],[76.2219,30.0464],[76.1837,29.9736],[76.181,29.9281],[76.2001,29.8954],[76.2139,29.8587],[76.1258,29.8185],[76.0318,29.7548],[75.9569,29.7386],[75.8755,29.7606],[75.8298,29.8211],[75.786,29.831],[75.7175,29.7943],[75.6986,29.769],[75.6044,29.7647],[75.5302,29.7864],[75.4525,29.8092],[75.3848,29.7223],[75.3442,29.6792],[75.3299,29.6628],[75.2906,29.6215],[75.3035,29.5892],[75.2486,29.5598],[75.2208,29.6012],[75.2136,29.6213],[75.1893,29.6483],[75.1925,29.6633],[75.1743,29.6901],[75.2056,29.7053],[75.2048,29.7341],[75.2105,29.7474],[75.2272,29.746],[75.2383,29.7519],[75.2036,29.8003],[75.1932,29.8327],[75.1601,29.8243],[75.1499,29.7939],[75.1341,29.8058],[75.0982,29.834],[75.0934,29.8672],[75.0988,29.8766],[75.1068,29.9021],[75.0953,29.9278],[75.0798,29.9076],[75.0678,29.8884],[75.0045,29.8728],[74.9746,29.8881],[74.9375,29.9154],[74.9276,29.9414],[74.8524,29.9627],[74.8268,29.9813],[74.7673,29.9747],[74.7107,29.9684],[74.6594,29.9239],[74.5778,29.9338],[73.9159,29.9799],[73.8867,30.0071],[73.976,30.1612],[73.9489,30.2173],[73.8423,30.353],[73.8876,30.3965],[73.8999,30.4221],[73.9898,30.4878],[74.0575,30.5314],[74.0674,30.6105],[74.1327,30.6555],[74.1701,30.6872],[74.2151,30.7375],[74.2667,30.7884],[74.2799,30.8247],[74.3107,30.8845],[74.3536,30.9011],[74.4134,30.9151],[74.4772,30.9561],[74.5488,30.9922],[74.601,31.0566],[74.617,31.1153],[74.5235,31.1293],[74.5091,31.1957],[74.5716,31.3892],[74.6172,31.4589],[74.4995,31.6999],[74.5055,31.732],[74.5212,31.7538],[74.537,31.7757],[74.5656,31.8405],[74.6984,31.9502],[74.8113,32.0037],[74.9088,32.0319],[74.9741,32.045],[75.0202,32.0658],[75.1021,32.0781],[75.1384,32.0935],[75.1958,32.1286],[75.2947,32.1489]]]}},{"type":"Feature","properties":{"name":"Rajasthan"},"geometry":{"type":"Polygon","coordinates":[[[71.4771,27.8624],[71.8744,27.9597],[71.9083,28.1356],[72.1776,28.3971],[72.3546,28.7672],[72.7725,28.9633],[72.9629,29.1168],[73.178,29.4434],[73.3703,29.9273],[73.7783,30.0673],[73.9771,30.1781],[73.8985,30.0349],[73.8871,29.9842],[74.5165,29.9472],[74.5351,29.8965],[74.547,29.8608],[74.4943,29.8288],[74.4665,29.7989],[74.468,29.7444],[74.5063,29.7368],[74.5407,29.7543],[74.5688,29.7579],[74.5919,29.769],[74.6027,29.7264],[74.5785,29.573],[74.6138,29.5202],[74.5949,29.4676],[74.5426,29.4603],[74.5441,29.4311],[74.5816,29.3781],[74.6128,29.3328],[74.6397,29.3389],[74.6559,29.366],[74.7094,29.3711],[74.7768,29.3722],[74.8214,29.4029],[74.8653,29.3911],[74.9255,29.366],[74.9445,29.3219],[74.9756,29.282],[75.0177,29.2901],[75.0553,29.2684],[75.0889,29.2355],[75.13,29.2495],[75.1816,29.2733],[75.2283,29.253],[75.2699,29.2689],[75.3138,29.2989],[75.3306,29.2829],[75.3293,29.2398],[75.3555,29.2457],[75.3915,29.2527],[75.41,29.2013],[75.4016,29.1859],[75.3763,29.1701],[75.3936,29.1363],[75.3929,29.106],[75.4521,29.0239],[75.515,28.9965],[75.5162,28.9575],[75.4872,28.933],[75.5072,28.8609],[75.5301,28.7925],[75.6103,28.6212],[75.6614,28.5643],[75.7633,28.4786],[75.7687,28.4454],[75.7996,28.4329],[75.8589,28.4109],[75.9578,28.3435],[76.0529,28.2156],[76.0807,28.1636],[76.0393,28.1854],[76.0086,28.161],[75.9619,28.1395],[75.943,28.1101],[75.9855,28.0869],[76.0079,28.1084],[76.0308,28.0922],[75.9889,28.0424],[75.9718,28.0104],[75.9758,27.9935],[75.9765,27.9629],[75.9357,27.9557],[75.9634,27.9006],[75.9754,27.8706],[76.0922,27.8543],[76.2091,27.8274],[76.208,27.8545],[76.1983,27.8902],[76.181,27.9435],[76.1576,28.0334],[76.1699,28.07],[76.2082,28.0691],[76.2419,28.0775],[76.3047,28.0488],[76.3465,28.0758],[76.3128,28.1032],[76.3157,28.1253],[76.3376,28.1465],[76.2995,28.1764],[76.3202,28.1961],[76.3472,28.178],[76.3627,28.1578],[76.4448,28.1677],[76.483,28.1174],[76.4519,28.1226],[76.4417,28.1105],[76.4765,28.0847],[76.4468,28.0703],[76.4968,28.0425],[76.5258,28.0298],[76.5531,27.9712],[76.5873,27.9989],[76.6365,28.0111],[76.658,28.0291],[76.6428,28.0738],[76.6597,28.0963],[76.7001,28.1243],[76.7581,28.1597],[76.8039,28.2191],[76.8497,28.2323],[76.878,28.2029],[76.9396,28.1463],[76.9204,28.0516],[76.9361,27.9889],[76.9337,27.9596],[76.9429,27.9154],[76.9406,27.8521],[76.9009,27.7441],[76.9139,27.7181],[76.8981,27.6995],[76.8957,27.6786],[76.973,27.6793],[77.02,27.7362],[77.0683,27.7607],[77.0408,27.8073],[77.1172,27.7931],[77.1646,27.8174],[77.1881,27.7983],[77.2116,27.8126],[77.2337,27.7933],[77.2934,27.7688],[77.3004,27.7118],[77.3197,27.7016],[77.3341,27.6474],[77.3175,27.622],[77.3403,27.5984],[77.3367,27.5604],[77.4033,27.4731],[77.4425,27.3962],[77.4849,27.3803],[77.5623,27.3359],[77.6061,27.3236],[77.6105,27.2793],[77.6355,27.2254],[77.6573,27.2027],[77.6004,27.1522],[77.5134,27.1092],[77.4998,27.0892],[77.5118,27.0726],[77.5366,27.0665],[77.5597,27.0368],[77.6279,27.0355],[77.643,27.0466],[77.674,27.0063],[77.696,27.022],[77.7192,27.0158],[77.6496,26.9792],[77.4087,26.8726],[77.4005,26.8324],[77.3979,26.7789],[77.4545,26.8074],[77.4923,26.831],[77.6651,26.8968],[77.7338,26.9335],[77.8389,26.913],[77.8573,26.9049],[77.9174,26.9077],[78.0007,26.8907],[78.0163,26.8667],[78.0213,26.8999],[78.0581,26.9101],[78.0789,26.9287],[78.1221,26.9495],[78.1909,26.9417],[78.2369,26.9314],[78.2414,26.9115],[78.1798,26.875],[78.1776,26.857],[78.2001,26.8236],[78.1515,26.7832],[78.0943,26.7703],[78.0901,26.728],[78.0794,26.6829],[78.0291,26.6852],[77.9784,26.6843],[77.9028,26.664],[77.8807,26.6256],[77.8089,26.5593],[77.7151,26.506],[77.6311,26.4884],[77.5144,26.4164],[77.4315,26.4001],[77.4076,26.3723],[77.3358,26.3611],[77.2944,26.3083],[77.2542,26.2747],[77.1523,26.2396],[77.095,26.1987],[77.0619,26.1867],[77.0037,26.1563],[76.9599,26.1229],[76.8991,26.0907],[76.8734,26.052],[76.8075,25.9853],[76.7791,25.9579],[76.727,25.9163],[76.6411,25.9204],[76.6105,25.8814],[76.5548,25.8515],[76.5167,25.7853],[76.4875,25.7371],[76.4877,25.6982],[76.547,25.4708],[76.5771,25.4465],[76.6334,25.3927],[76.6824,25.3775],[76.7592,25.3384],[76.8118,25.3428],[76.8786,25.3341],[76.947,25.3186],[77.0806,25.3532],[77.1413,25.342],[77.2016,25.3556],[77.2284,25.4132],[77.302,25.4456],[77.3413,25.4361],[77.3585,25.4119],[77.3462,25.3883],[77.3491,25.3487],[77.3647,25.3115],[77.3579,25.2799],[77.3912,25.2288],[77.3918,25.1982],[77.388,25.1516],[77.3605,25.1345],[77.3289,25.1086],[77.266,25.1305],[77.2004,25.1293],[77.0174,25.0891],[76.8835,25.0467],[76.8473,25.0124],[76.8484,24.9943],[76.8832,24.897],[76.8576,24.8664],[76.7972,24.855],[76.7827,24.8268],[76.9214,24.7397],[76.9564,24.7426],[77.0374,24.6703],[77.0589,24.5616],[76.9429,24.5002],[76.904,24.4975],[76.8988,24.5204],[76.8851,24.5563],[76.8554,24.5673],[76.8284,24.5766],[76.8062,24.5558],[76.8142,24.5019],[76.8084,24.453],[76.8316,24.3162],[76.8919,24.2202],[76.8703,24.1817],[76.8294,24.1745],[76.7666,24.1603],[76.6558,24.2348],[76.6687,24.2738],[76.6608,24.3096],[76.5817,24.2824],[76.5521,24.2214],[76.502,24.2105],[76.4775,24.2535],[76.3815,24.26],[76.2538,24.2789],[76.195,24.3018],[76.1925,24.3385],[76.1736,24.3515],[76.1272,24.3219],[76.1167,24.2514],[76.1191,24.16],[75.999,24.0511],[76.0002,24.0041],[75.9979,23.9839],[75.8994,23.9183],[75.7765,23.8831],[75.7397,23.9169],[75.7209,23.899],[75.7118,23.8311],[75.6998,23.7932],[75.6531,23.8104],[75.589,23.8555],[75.5075,23.9167],[75.4861,23.9889],[75.5295,24.0426],[75.5741,24.0169],[75.6218,23.9952],[75.6836,24.0246],[75.7268,24.0001],[75.7512,24.0354],[75.8108,24.1083],[75.7464,24.1719],[75.8025,24.2722],[75.7895,24.3207],[75.7518,24.3423],[75.7344,24.424],[75.7654,24.4934],[75.8376,24.47],[75.8728,24.4974],[75.84,24.6328],[75.8176,24.6852],[75.7678,24.7716],[75.7175,24.7747],[75.448,24.7031],[75.3086,24.7247],[75.2037,24.725],[75.172,24.7625],[75.2081,24.8095],[75.1881,24.8671],[75.1937,24.8958],[75.2473,24.852],[75.3188,24.84],[75.3844,24.8638],[75.407,24.8958],[75.3442,24.8917],[75.2532,24.901],[75.2478,24.9322],[75.2832,24.9305],[75.3203,24.9352],[75.2946,24.9834],[75.3206,25.0439],[75.3136,25.0594],[75.2062,25.0407],[75.1308,25.0354],[75.1192,25.0074],[75.0959,24.9843],[75.0996,24.9051],[75.078,24.8889],[75.043,24.8959],[74.9814,24.863],[74.9198,24.8912],[74.8759,24.9194],[74.8171,24.9275],[74.8384,24.8483],[74.8378,24.7971],[74.9187,24.7876],[74.9581,24.791],[74.9784,24.7634],[74.9682,24.7124],[74.9323,24.6691],[74.8585,24.6719],[74.8168,24.7205],[74.7976,24.7745],[74.7714,24.7636],[74.7836,24.6789],[74.7153,24.5364],[74.7202,24.5003],[74.8468,24.4355],[74.7612,24.3484],[74.7456,24.2914],[74.7456,24.2573],[74.8405,24.256],[74.885,24.205],[74.9094,24.1017],[74.961,24.0523],[74.955,24.0152],[74.9022,23.8242],[74.9322,23.7524],[74.935,23.6664],[74.8994,23.6204],[74.863,23.5383],[74.7899,23.4913],[74.6482,23.4306],[74.5213,23.2897],[74.5364,23.2509],[74.6115,23.2281],[74.6697,23.2212],[74.7159,23.1792],[74.6119,23.1127],[74.438,23.0634],[74.3748,23.07],[74.3235,23.0361],[74.2929,23.0809],[74.2526,23.1288],[74.1931,23.1772],[74.1573,23.16],[74.109,23.1911],[74.1058,23.2477],[73.9957,23.3303],[73.9356,23.3576],[73.9199,23.337],[73.8854,23.3392],[73.8035,23.4388],[73.6769,23.4365],[73.6296,23.4745],[73.6165,23.525],[73.6154,23.6018],[73.5565,23.629],[73.5042,23.6026],[73.502,23.6593],[73.5099,23.6914],[73.4627,23.7147],[73.4244,23.7601],[73.3949,23.7859],[73.3651,23.8396],[73.3682,23.8996],[73.4183,23.9356],[73.3994,23.9998],[73.396,24.0422],[73.3381,24.103],[73.3037,24.0455],[73.2298,24.0295],[73.1966,24.0866],[73.1482,24.1228],[73.1016,24.1594],[73.0803,24.2268],[73.1308,24.3135],[73.1416,24.3367],[73.1927,24.3361],[73.2166,24.369],[73.1967,24.3905],[73.1657,24.3784],[73.0916,24.411],[73.101,24.4634],[73.0966,24.5011],[73.062,24.5074],[72.9997,24.4933],[72.9745,24.4642],[72.9711,24.4325],[72.962,24.4155],[72.9587,24.3901],[72.9112,24.3601],[72.7962,24.3775],[72.7039,24.3999],[72.6735,24.4535],[72.6299,24.4718],[72.5445,24.5101],[72.5056,24.5038],[72.4826,24.4403],[72.465,24.4297],[72.4321,24.4644],[72.4177,24.501],[72.3973,24.5252],[72.356,24.5247],[72.3385,24.5527],[72.289,24.5612],[72.2472,24.5995],[72.3086,24.6115],[72.3334,24.6271],[72.3025,24.6437],[72.0994,24.6566],[72.0509,24.7084],[71.9734,24.6876],[71.9205,24.6569],[71.8767,24.6856],[71.8336,24.6712],[71.8287,24.6383],[71.7758,24.6504],[71.7509,24.6781],[71.6096,24.6679],[71.4691,24.6864],[71.3935,24.6489],[71.322,24.6623],[71.2515,24.6368],[71.0868,24.6874],[70.943,24.8941],[70.8486,25.1633],[70.7231,25.2873],[70.6545,25.3966],[70.6539,25.6745],[70.5167,25.6839],[70.2646,25.6973],[70.1956,25.807],[70.0646,25.9803],[70.0783,26.0996],[70.144,26.2943],[70.1605,26.3713],[70.1296,26.5625],[69.7723,26.5951],[69.4728,26.7666],[69.5344,27.1256],[69.848,27.4104],[70.0907,27.7935],[70.2677,27.9453],[70.3983,28.0217],[70.5068,28.029],[70.6212,27.9441],[70.6407,27.8548],[70.8316,27.7015],[71.2263,27.8454],[71.4771,27.8624]]]}},{"type":"Feature","properties":{"name":"Gujarat"},"geometry":{"type":"Polygon","coordinates":[[[70.9967,24.3566],[71.0731,24.4021],[71.0001,24.4529],[70.9732,24.4872],[70.9819,24.5285],[70.9548,24.5845],[71.0639,24.6826],[71.2224,24.6368],[71.28,24.6535],[71.3583,24.6505],[71.439,24.6762],[71.5719,24.6862],[71.637,24.6576],[71.7689,24.671],[71.8078,24.6361],[71.8293,24.657],[71.8568,24.6849],[71.8933,24.6678],[71.9479,24.6626],[71.9867,24.6953],[72.0688,24.6903],[72.2063,24.6301],[72.3275,24.6422],[72.3284,24.6172],[72.2558,24.6065],[72.2554,24.5841],[72.3149,24.5576],[72.3453,24.5399],[72.3731,24.522],[72.4186,24.5173],[72.4188,24.4888],[72.4491,24.4348],[72.4764,24.434],[72.5009,24.4961],[72.5149,24.5096],[72.5995,24.4801],[72.6583,24.4668],[72.6906,24.4167],[72.7337,24.3843],[72.8609,24.3719],[72.9497,24.3794],[72.9615,24.401],[72.9671,24.424],[72.9722,24.4534],[72.9843,24.4801],[73.0149,24.4948],[73.0911,24.5072],[73.0997,24.4927],[73.0901,24.4208],[73.105,24.3987],[73.1795,24.3796],[73.212,24.3874],[73.208,24.3467],[73.1657,24.3333],[73.1351,24.3306],[73.1137,24.2993],[73.0793,24.2043],[73.1173,24.139],[73.1694,24.1019],[73.2039,24.0628],[73.2558,24.0149],[73.3197,24.0675],[73.3541,24.1047],[73.3983,24.0075],[73.4182,23.9686],[73.3913,23.9194],[73.3634,23.8768],[73.3581,23.7874],[73.4117,23.7792],[73.439,23.7294],[73.498,23.7064],[73.5086,23.678],[73.4998,23.6195],[73.5244,23.6031],[73.5798,23.6352],[73.6191,23.5616],[73.6295,23.4982],[73.6272,23.4387],[73.7107,23.415],[73.8182,23.4243],[73.9045,23.3334],[73.9292,23.3441],[73.9464,23.3623],[74.0837,23.2715],[74.1061,23.2223],[74.1347,23.1614],[74.1717,23.1665],[74.2333,23.1559],[74.2742,23.0901],[74.3081,23.0695],[74.355,22.8989],[74.3771,22.8722],[74.4125,22.8796],[74.4581,22.8041],[74.3501,22.6246],[74.2921,22.614],[74.1612,22.5167],[74.1197,22.5044],[74.0424,22.5164],[74.036,22.4685],[74.1244,22.411],[74.2346,22.4034],[74.2396,22.3658],[74.1965,22.3327],[74.1269,22.323],[74.0914,22.3487],[74.0657,22.3349],[74.0638,22.2583],[74.0715,22.1978],[74.1111,22.1355],[74.1325,22.0845],[74.1288,21.9518],[73.9427,21.8746],[73.8329,21.8436],[73.796,21.8052],[73.8035,21.7398],[73.8372,21.6976],[73.7927,21.6267],[73.7572,21.5963],[73.8112,21.518],[73.8564,21.5209],[74.019,21.5589],[74.1251,21.5594],[74.1465,21.5707],[74.1756,21.5532],[74.2396,21.5554],[74.2798,21.574],[74.2972,21.5531],[74.2968,21.5202],[74.2406,21.4861],[74.0634,21.4627],[74.0071,21.4272],[73.9464,21.3735],[73.8537,21.2678],[73.8084,21.2859],[73.7669,21.2038],[73.7234,21.1863],[73.693,21.1649],[73.6626,21.1725],[73.632,21.1659],[73.5535,21.1955],[73.5974,21.1399],[73.6754,21.1233],[73.7143,21.112],[73.7746,21.0621],[73.8328,21.0037],[73.875,20.9628],[73.9115,20.8063],[73.8989,20.751],[73.8097,20.6699],[73.8005,20.6154],[73.7369,20.581],[73.6379,20.5606],[73.586,20.6154],[73.4959,20.6674],[73.4647,20.7031],[73.439,20.7191],[73.4042,20.6699],[73.3665,20.6419],[73.3968,20.6356],[73.412,20.6018],[73.4277,20.589],[73.4486,20.5798],[73.4421,20.4955],[73.3635,20.363],[73.3833,20.3487],[73.3941,20.2704],[73.3779,20.2186],[73.3779,20.1803],[73.2718,20.1934],[73.245,20.1668],[73.2433,20.1386],[73.2023,20.1132],[73.1645,20.1708],[73.1097,20.1786],[73.1022,20.1468],[73.0537,20.1422],[73.0336,20.1981],[73.0409,20.2164],[73.1212,20.267],[73.1091,20.2873],[73.0741,20.2917],[73.0763,20.328],[73.0499,20.3303],[72.9854,20.2942],[72.9589,20.288],[72.9271,20.2539],[72.8924,20.2518],[72.8917,20.2274],[72.9295,20.1985],[72.9446,20.138],[72.8563,20.1017],[72.8109,20.093],[72.7708,20.0997],[72.7081,20.0726],[72.7376,20.1843],[72.749,20.2183],[72.743,20.2477],[72.7775,20.3301],[72.8103,20.3688],[72.839,20.3763],[72.8796,20.4395],[72.8792,20.5124],[72.8906,20.5871],[72.9026,20.6419],[72.8989,20.7322],[72.9364,20.7763],[72.9229,20.8027],[72.8858,20.8071],[72.8938,20.8701],[72.8459,20.8518],[72.8565,20.948],[72.8538,20.9749],[72.8161,20.999],[72.782,21.0102],[72.8231,21.0338],[72.8096,21.13],[72.7463,21.1184],[72.7345,21.0925],[72.7206,21.1297],[72.6867,21.1581],[72.673,21.1126],[72.6379,21.0854],[72.6304,21.136],[72.7345,21.1989],[72.6732,21.2391],[72.6252,21.2593],[72.5979,21.3076],[72.6032,21.3527],[72.6234,21.3703],[72.5646,21.3858],[72.6764,21.4316],[72.7485,21.4796],[72.6125,21.4219],[72.6351,21.4993],[72.7268,21.5532],[72.8104,21.6351],[72.8716,21.6365],[73.0225,21.6986],[73.127,21.7468],[73.084,21.7464],[73.0125,21.7128],[72.8828,21.693],[72.7981,21.6735],[72.653,21.6806],[72.5503,21.6667],[72.5501,21.7519],[72.5855,21.8589],[72.6521,21.9411],[72.714,21.983],[72.7199,21.9963],[72.6975,21.9821],[72.6116,21.9555],[72.5427,21.9108],[72.5046,21.9942],[72.5195,22.0775],[72.5359,22.1405],[72.5905,22.205],[72.6696,22.1889],[72.7078,22.1858],[72.7902,22.2172],[72.8811,22.2204],[72.9227,22.2546],[72.8861,22.2624],[72.8182,22.2734],[72.7266,22.2489],[72.625,22.2714],[72.5531,22.2825],[72.4662,22.2326],[72.4639,22.264],[72.3919,22.2535],[72.3882,22.3223],[72.3713,22.3559],[72.3366,22.2848],[72.2752,22.2603],[72.2404,22.3019],[72.2063,22.2739],[72.1907,22.2513],[72.2432,22.2659],[72.2683,22.2268],[72.298,22.0617],[72.2761,22.0316],[72.2373,22.007],[72.2063,21.994],[72.1864,21.9866],[72.1592,21.9831],[72.097,22.007],[72.1149,21.9694],[72.1048,21.9515],[72.0733,21.9545],[72.0876,21.9197],[72.1454,21.9177],[72.1698,21.8904],[72.1694,21.8414],[72.1113,21.8699],[72.0493,21.8804],[72.0803,21.8699],[72.0628,21.8344],[71.9942,21.8122],[72.0096,21.7956],[72.0218,21.7743],[72.1032,21.7752],[72.1727,21.7777],[72.2024,21.7481],[72.2302,21.696],[72.2717,21.6909],[72.2957,21.6539],[72.2957,21.616],[72.2422,21.4808],[72.1516,21.3602],[72.1115,21.2961],[72.0994,21.265],[72.1045,21.2222],[72.0755,21.1857],[71.9907,21.1364],[71.7886,21.0475],[71.7176,21.0321],[71.5835,20.9582],[71.5693,20.9792],[71.4844,20.9171],[71.3186,20.8493],[71.0955,20.7637],[71.0444,20.7405],[70.9992,20.7388],[70.9716,20.7247],[70.8402,20.7019],[70.7746,20.7274],[70.7308,20.7232],[70.4841,20.8439],[70.3988,20.9035],[70.1522,21.0785],[69.9583,21.2733],[69.8086,21.4658],[69.6297,21.616],[69.4994,21.7202],[69.3977,21.8153],[69.3678,21.8561],[69.2122,21.9675],[69.103,22.0764],[68.9942,22.2039],[68.944,22.3183],[68.9676,22.3872],[69.0075,22.4432],[69.0852,22.4729],[69.0482,22.4316],[69.0974,22.3989],[69.1398,22.4071],[69.1786,22.4276],[69.1821,22.3664],[69.1904,22.2923],[69.3357,22.3061],[69.4689,22.3378],[69.5027,22.3723],[69.5256,22.3921],[69.516,22.4481],[69.5479,22.4521],[69.569,22.3706],[69.6199,22.371],[69.6524,22.3899],[69.6694,22.4092],[69.6994,22.4043],[69.7422,22.473],[69.813,22.4295],[69.8418,22.4664],[69.9053,22.4864],[69.9963,22.5414],[70.1447,22.5478],[70.2349,22.6489],[70.3215,22.8117],[70.3753,22.9027],[70.4534,22.9666],[70.4976,22.97],[70.5272,23.0236],[70.5029,23.1044],[70.4509,23.1057],[70.4011,23.0454],[70.402,22.9902],[70.3988,22.9455],[70.3577,22.9367],[70.3345,22.9401],[70.3146,22.9435],[70.2936,22.9514],[70.2497,22.9875],[70.2041,22.9522],[70.1631,22.949],[70.1475,22.9661],[70.1262,22.9848],[70.1323,22.9411],[69.9969,22.8938],[69.8332,22.8585],[69.7289,22.7548],[69.5857,22.7612],[69.5108,22.7805],[69.4773,22.7921],[69.3726,22.819],[69.1356,22.8884],[68.6607,23.1542],[68.6497,23.1809],[68.5957,23.2404],[68.6232,23.2562],[68.5523,23.2597],[68.5991,23.3223],[68.5784,23.3434],[68.561,23.3639],[68.541,23.357],[68.5132,23.3881],[68.541,23.4117],[68.5132,23.4185],[68.4754,23.4049],[68.4655,23.4458],[68.4237,23.4458],[68.4858,23.5141],[68.4587,23.5215],[68.4414,23.5321],[68.4116,23.4947],[68.4089,23.6213],[68.4927,23.6376],[68.4655,23.6553],[68.5239,23.6759],[68.5835,23.7353],[68.6707,23.8157],[68.7451,23.8331],[68.8057,23.8844],[68.7178,23.841],[68.6231,23.8244],[68.5547,23.7685],[68.4728,23.7375],[68.342,23.624],[68.342,23.5966],[68.2941,23.5904],[68.1434,23.6127],[68.1782,23.6343],[68.2093,23.6627],[68.2619,23.6614],[68.241,23.674],[68.1958,23.7335],[68.1681,23.7475],[68.1797,23.8275],[68.2073,23.877],[68.243,23.8934],[68.2579,23.8995],[68.2527,23.9201],[68.2777,23.9335],[68.3141,23.9159],[68.3299,23.9582],[68.3524,23.9565],[68.4316,23.9671],[68.7251,24.1041],[68.7992,24.3291],[68.8489,24.244],[68.8903,24.3195],[68.9294,24.3024],[69.0078,24.2646],[69.1482,24.2567],[69.5631,24.2768],[69.7691,24.1626],[70.063,24.2203],[70.1446,24.3079],[70.2791,24.3551],[70.4164,24.4019],[70.5692,24.3899],[70.5554,24.327],[70.6215,24.2412],[70.8341,24.2613],[70.8409,24.3058],[70.9553,24.3659],[70.9967,24.3566]]]}},{"type":"Feature","properties":{"name":"Himachal Pradesh"},"geometry":{"type":"Polygon","coordinates":[[[78.381,32.528],[78.4482,32.4107],[78.436,32.378],[78.4563,32.2421],[78.4765,32.2244],[78.6493,32.0364],[78.7446,31.9642],[78.7066,31.8408],[78.6956,31.7467],[78.6981,31.711],[78.7313,31.668],[78.8189,31.6074],[78.6954,31.4881],[78.7455,31.3735],[78.7532,31.302],[78.8487,31.2909],[78.8977,31.2751],[78.9933,31.1634],[78.947,31.1201],[78.8463,31.1352],[78.7927,31.207],[78.6872,31.2158],[78.6219,31.2263],[78.5189,31.2216],[78.4427,31.262],[78.4017,31.2681],[78.3687,31.29],[78.2842,31.2903],[78.0708,31.1852],[77.9637,31.1761],[77.8978,31.138],[77.796,31.0314],[77.7932,30.9841],[77.7565,30.9854],[77.7715,30.9417],[77.7934,30.8957],[77.7604,30.8839],[77.7058,30.7915],[77.7393,30.7195],[77.7647,30.6608],[77.7453,30.6059],[77.7847,30.5547],[77.815,30.5402],[77.7917,30.5073],[77.6445,30.4422],[77.5653,30.4149],[77.5838,30.3822],[77.4879,30.4209],[77.4344,30.4212],[77.452,30.4548],[77.3805,30.4293],[77.3506,30.4532],[77.241,30.4893],[77.2027,30.4878],[77.1301,30.5687],[77.1462,30.6375],[77.126,30.7114],[77.0127,30.7705],[76.9946,30.802],[76.9566,30.8208],[76.9339,30.8704],[76.8765,30.9005],[76.829,30.9119],[76.8031,30.933],[76.7682,30.9076],[76.6256,31.0166],[76.6057,31.0623],[76.6231,31.1073],[76.6014,31.1775],[76.6284,31.2201],[76.5823,31.2274],[76.5768,31.2723],[76.5611,31.2767],[76.5422,31.2557],[76.5263,31.2858],[76.501,31.2889],[76.4834,31.2907],[76.4598,31.3029],[76.4335,31.3178],[76.3561,31.4263],[76.3221,31.4128],[76.3143,31.3499],[76.2878,31.3245],[76.2611,31.3109],[76.2011,31.307],[76.141,31.3696],[75.9233,31.8063],[75.9349,31.8329],[75.9683,31.8352],[75.8914,31.9539],[75.7529,32.0324],[75.6624,32.0604],[75.5778,32.0837],[75.6562,32.1747],[75.6477,32.1976],[75.6252,32.1909],[75.6084,32.2399],[75.6927,32.2723],[75.7793,32.3366],[75.9138,32.4254],[75.8566,32.5146],[75.8659,32.5606],[75.9226,32.6173],[75.9049,32.6913],[75.9124,32.7619],[75.8809,32.8088],[75.8242,32.8704],[75.8069,32.9237],[75.8586,32.9421],[75.9117,32.9259],[75.9547,32.9014],[76.0817,33.0008],[76.2159,33.0511],[76.2742,33.1166],[76.3533,33.1801],[76.5586,33.2315],[76.7545,33.1946],[76.903,33.0738],[76.9999,33.0072],[77.3487,32.8672],[77.389,32.8877],[77.4978,32.9093],[77.581,32.939],[77.6434,32.9761],[77.6752,33.0004],[77.7211,33.0126],[77.8238,32.9103],[77.9227,32.7752],[77.9494,32.6827],[77.9947,32.6204],[78.0699,32.6304],[78.0988,32.6538],[78.1545,32.6741],[78.2279,32.6902],[78.2794,32.7215],[78.3155,32.7605],[78.3533,32.7686],[78.3734,32.754],[78.3806,32.6692],[78.3586,32.6317],[78.2994,32.5887],[78.274,32.5189],[78.2936,32.4733],[78.381,32.528]]]}},{"type":"Feature","properties":{"name":"Jammu and Kashmir"},"geometry":{"type":"Polygon","coordinates":[[[74.725,32.4608],[74.6296,32.5881],[74.6573,32.6606],[74.6823,32.7873],[74.6536,32.8374],[74.6141,32.7704],[74.5009,32.746],[74.419,32.7846],[74.3293,32.7764],[74.317,32.8231],[74.3245,32.9214],[74.1909,33.0221],[74.0294,33.1542],[74.0017,33.2702],[74.0851,33.3143],[74.1578,33.4942],[73.9767,33.6484],[73.9631,33.7216],[74.0113,33.8105],[74.2126,33.8784],[74.2597,33.9944],[74.1184,34.0025],[73.9458,34.0098],[73.8933,34.1147],[73.9983,34.1968],[73.9377,34.3042],[73.8291,34.3153],[73.7798,34.3961],[73.8404,34.4444],[73.8631,34.5171],[73.9175,34.6193],[74.1209,34.6909],[74.3489,34.7734],[75.111,34.6336],[75.2369,34.6319],[75.3481,34.5572],[75.5846,34.2101],[75.7417,34.0664],[75.9779,33.9713],[76.1664,33.8732],[76.2461,33.5741],[76.5778,33.4277],[76.6259,33.1893],[76.5122,33.2172],[76.2811,33.1365],[76.2617,33.0865],[76.1528,33.0323],[76.0514,32.9695],[75.936,32.9032],[75.8938,32.9308],[75.8264,32.9381],[75.8049,32.8986],[75.8696,32.8274],[75.9033,32.7816],[75.9034,32.7364],[75.926,32.6412],[75.9129,32.6105],[75.855,32.5263],[75.818,32.4948],[75.7326,32.4372],[75.6983,32.406],[75.538,32.3452],[75.4648,32.3177],[75.4444,32.3532],[75.4141,32.346],[75.2302,32.3802],[75.0549,32.4555],[74.907,32.4452],[74.725,32.4608]]]}},{"type":"Feature","properties":{"name":"Bihar"},"geometry":{"type":"Polygon","coordinates":[[[87.6487,26.41],[87.7109,26.4057],[87.7562,26.4469],[87.8216,26.4375],[87.8948,26.4429],[87.9148,26.4083],[88.0066,26.3699],[88.0791,26.5074],[88.1219,26.5305],[88.2034,26.5472],[88.1953,26.5002],[88.2165,26.4848],[88.2787,26.435],[88.264,26.4157],[88.2595,26.3908],[88.3037,26.36],[88.2972,26.3362],[88.2511,26.3268],[88.1675,26.2772],[88.0798,26.1928],[88.0165,26.1509],[87.9856,26.147],[87.8673,26.0492],[87.829,26.0001],[87.8245,25.9663],[87.8008,25.9262],[87.788,25.9064],[87.7974,25.887],[87.8243,25.8628],[87.8824,25.8188],[87.9041,25.7733],[88.0051,25.7108],[88.0505,25.6457],[88.0521,25.5846],[88.0505,25.5375],[88.0653,25.5065],[87.9902,25.5146],[87.9429,25.5254],[87.8788,25.5004],[87.8632,25.4786],[87.768,25.4363],[87.7642,25.4224],[87.7438,25.4026],[87.7612,25.3915],[87.772,25.369],[87.7889,25.3689],[87.8069,25.355],[87.8292,25.3022],[87.7837,25.2141],[87.7496,25.2482],[87.5987,25.2667],[87.5581,25.3119],[87.5235,25.3238],[87.4557,25.2517],[87.4299,25.2023],[87.3765,25.19],[87.3421,25.19],[87.2919,25.1743],[87.2614,25.064],[87.1855,25.062],[87.1213,24.9863],[87.112,24.8392],[87.0712,24.7828],[87.0775,24.7453],[87.0519,24.6181],[87.0131,24.586],[86.9153,24.5973],[86.892,24.5369],[86.7681,24.5847],[86.728,24.5601],[86.6492,24.5427],[86.5362,24.5156],[86.486,24.4105],[86.4612,24.3835],[86.4497,24.3431],[86.2764,24.4348],[86.3035,24.4911],[86.2905,24.5516],[86.1914,24.553],[86.1257,24.5807],[86.0815,24.7011],[86.0329,24.7124],[86.0402,24.75],[85.9116,24.6985],[85.746,24.77],[85.701,24.7245],[85.6808,24.6585],[85.6513,24.6354],[85.6624,24.5689],[85.6024,24.5533],[85.5699,24.5412],[85.5171,24.4995],[85.4625,24.5062],[85.2952,24.4911],[85.2713,24.467],[85.1579,24.4123],[85.1355,24.3783],[85.0829,24.3587],[85.0154,24.3718],[84.9089,24.3537],[84.8763,24.4364],[84.8352,24.4379],[84.7869,24.4898],[84.7043,24.4433],[84.6576,24.3751],[84.6027,24.3857],[84.5796,24.3822],[84.5427,24.3329],[84.4967,24.3017],[84.4472,24.3282],[84.3809,24.3778],[84.3144,24.4431],[84.3246,24.5029],[84.2858,24.5316],[84.2545,24.5241],[84.225,24.5204],[84.1961,24.5104],[84.182,24.4757],[84.1692,24.5055],[84.1503,24.5017],[84.1394,24.4712],[84.0956,24.5041],[84.0217,24.639],[83.9953,24.5954],[83.9659,24.576],[83.8798,24.5413],[83.8194,24.5413],[83.7502,24.5084],[83.5231,24.5297],[83.5254,24.6289],[83.5122,24.6754],[83.5236,24.7463],[83.4578,24.7759],[83.4041,24.8317],[83.3602,24.8633],[83.3593,24.9034],[83.3642,24.9984],[83.3265,25.0584],[83.3298,25.1458],[83.346,25.199],[83.4161,25.2544],[83.532,25.3157],[83.8059,25.476],[83.8869,25.517],[83.9819,25.5893],[84.1798,25.7459],[84.2141,25.6993],[84.2147,25.6769],[84.2261,25.6569],[84.2505,25.6434],[84.3094,25.6497],[84.328,25.6683],[84.3248,25.6921],[84.3397,25.7527],[84.4192,25.7307],[84.4867,25.7007],[84.5422,25.7054],[84.5993,25.7612],[84.6055,25.7998],[84.4701,25.8658],[84.4075,25.9091],[84.345,25.9405],[84.2615,25.9313],[84.2197,25.9744],[84.1852,26.0202],[84.1503,26.066],[84.0962,26.0911],[84.0383,26.162],[83.9845,26.2176],[83.9977,26.2455],[84.0804,26.2593],[84.1138,26.2782],[84.146,26.2767],[84.1872,26.2928],[84.163,26.3459],[84.1841,26.4008],[84.0674,26.4366],[84.0107,26.4719],[83.9907,26.4573],[83.9415,26.457],[83.9197,26.5002],[83.9259,26.5464],[83.9479,26.5462],[83.9562,26.5208],[83.9714,26.5209],[83.9944,26.5478],[84.0602,26.5718],[84.0862,26.6376],[84.1378,26.6504],[84.2295,26.6406],[84.3927,26.6617],[84.2937,26.7521],[84.2464,26.757],[84.2476,26.8363],[84.2261,26.8915],[84.1878,26.894],[84.1587,26.8765],[84.0986,26.9112],[84.0272,26.9996],[84.0234,27.06],[83.9797,27.1198],[83.9383,27.1644],[83.9296,27.2424],[83.8907,27.2731],[83.8928,27.324],[83.848,27.329],[83.8533,27.3462],[83.8774,27.3617],[83.8427,27.4181],[83.922,27.4497],[84.0077,27.4408],[84.1172,27.5133],[84.1657,27.4722],[84.2255,27.4404],[84.2894,27.3761],[84.6482,27.2407],[84.6445,27.1037],[84.6402,27.0284],[84.8019,27.0138],[84.8518,26.9821],[84.9443,26.9157],[85.0008,26.8822],[85.044,26.8437],[85.1655,26.8208],[85.3024,26.7373],[85.3692,26.775],[85.4396,26.7877],[85.6094,26.851],[85.7022,26.6884],[85.79,26.597],[85.8195,26.5883],[85.8448,26.5685],[85.9757,26.6444],[86.1159,26.6026],[86.1527,26.6007],[86.1854,26.5844],[86.2631,26.6091],[86.309,26.588],[86.3537,26.5826],[86.4949,26.5278],[86.538,26.4949],[86.7136,26.4146],[86.7519,26.4455],[86.8464,26.4526],[86.9352,26.5203],[87.0299,26.5798],[87.0565,26.4949],[87.1063,26.4047],[87.2294,26.3988],[87.3005,26.346],[87.3564,26.4037],[87.4803,26.4234],[87.6487,26.41]]]}},{"type":"Feature","properties":{"name":"Uttar Pradesh"},"geometry":{"type":"Polygon","coordinates":[[[82.6739,27.6965],[82.7189,27.5561],[82.9013,27.4804],[83.1696,27.4312],[83.2494,27.3481],[83.3243,27.3417],[83.371,27.4102],[83.361,27.4622],[83.6634,27.4323],[83.8533,27.3461],[83.8492,27.3267],[83.8922,27.3137],[83.9043,27.2617],[83.9424,27.2225],[83.9414,27.154],[83.9922,27.0912],[84.028,27.0443],[84.0597,26.9389],[84.1107,26.9053],[84.1649,26.8805],[84.1977,26.8958],[84.234,26.8849],[84.2472,26.8216],[84.2567,26.7542],[84.3063,26.7444],[84.394,26.6544],[84.1918,26.6461],[84.1064,26.651],[84.0804,26.6244],[84.054,26.5648],[83.9906,26.546],[83.9677,26.5177],[83.9541,26.5275],[83.9442,26.5497],[83.9221,26.54],[83.9184,26.4846],[83.9551,26.4539],[83.9978,26.461],[84.016,26.4734],[84.0862,26.4261],[84.1862,26.3946],[84.1617,26.3379],[84.1868,26.2879],[84.1375,26.279],[84.108,26.2745],[84.0231,26.2549],[83.9927,26.2411],[83.9881,26.2086],[84.0649,26.1035],[84.108,26.0868],[84.1605,26.055],[84.1964,26.0197],[84.2256,25.9636],[84.28,25.9271],[84.3743,25.9403],[84.4121,25.8959],[84.5025,25.8677],[84.6106,25.7916],[84.6007,25.747],[84.5359,25.7031],[84.4797,25.7034],[84.3876,25.7594],[84.3261,25.7485],[84.3265,25.6862],[84.3265,25.6633],[84.29,25.6437],[84.2439,25.6457],[84.2224,25.6608],[84.2134,25.6831],[84.2153,25.7086],[84.1434,25.7362],[83.9181,25.5493],[83.8549,25.502],[83.8013,25.4641],[83.5156,25.3068],[83.3841,25.2359],[83.3414,25.1916],[83.3255,25.0897],[83.3376,25.0386],[83.3666,24.9687],[83.3556,24.8972],[83.3819,24.8436],[83.424,24.8024],[83.4718,24.7703],[83.5298,24.7263],[83.5109,24.6674],[83.5224,24.6159],[83.4378,24.5209],[83.3984,24.4933],[83.3953,24.4669],[83.4217,24.4137],[83.454,24.3616],[83.4162,24.3054],[83.4121,24.2681],[83.3602,24.1983],[83.3098,24.0843],[83.255,24.0345],[83.2277,23.9613],[83.1836,23.9364],[83.104,23.9122],[82.9754,23.9138],[82.8941,23.9422],[82.7493,24.0583],[82.7348,24.0823],[82.7305,24.121],[82.6794,24.1668],[82.6885,24.1926],[82.7411,24.2778],[82.767,24.386],[82.7341,24.4197],[82.7433,24.5067],[82.7397,24.5599],[82.783,24.5596],[82.818,24.5894],[82.7892,24.6281],[82.7647,24.6698],[82.7153,24.6877],[82.7007,24.7215],[82.5951,24.6877],[82.4271,24.7186],[82.424,24.6839],[82.4097,24.6356],[82.3027,24.6381],[82.319,24.702],[82.2893,24.7077],[82.2681,24.7109],[82.2664,24.7851],[82.2498,24.7823],[82.226,24.7563],[82.2051,24.7782],[82.2154,24.8273],[82.2014,24.8459],[82.1374,24.8092],[82.1055,24.8134],[81.9998,24.8599],[81.8811,24.9215],[81.8669,24.9477],[81.874,24.9802],[81.8539,25.0136],[81.8081,25.0355],[81.7658,25.0207],[81.7216,25.0381],[81.6651,25.0645],[81.5779,25.0845],[81.5785,25.1084],[81.5674,25.1345],[81.4445,25.1747],[81.462,25.1401],[81.4569,25.1114],[81.3791,25.1078],[81.3662,25.1285],[81.3677,25.1533],[81.3092,25.1719],[81.257,25.1683],[81.2411,25.1256],[81.2355,25.0891],[81.1771,25.0187],[81.1739,24.9994],[81.1848,24.9729],[81.1705,24.9517],[81.1244,24.939],[81.0149,24.9624],[80.9605,24.9534],[80.9152,24.9744],[80.8404,24.9706],[80.7671,24.977],[80.7649,25.0001],[80.7906,25.0326],[80.7957,25.0599],[80.8243,25.0874],[80.8595,25.2007],[80.8354,25.2177],[80.8061,25.2122],[80.7942,25.1979],[80.7698,25.16],[80.67,25.1523],[80.6732,25.1387],[80.7264,25.0878],[80.6756,25.0777],[80.6309,25.0785],[80.5862,25.1391],[80.5586,25.1509],[80.5538,25.1259],[80.5387,25.1053],[80.4724,25.116],[80.4578,25.1095],[80.4703,25.0737],[80.5139,25.0505],[80.4584,25.0151],[80.4135,25.0624],[80.4045,25.0511],[80.4003,25.0112],[80.3671,25.0207],[80.2971,25.0121],[80.2653,25.0638],[80.2739,25.0894],[80.3047,25.0893],[80.3457,25.1315],[80.3666,25.1489],[80.4133,25.1711],[80.4203,25.1913],[80.4058,25.2351],[80.3901,25.2473],[80.3719,25.2468],[80.3421,25.2772],[80.3171,25.3373],[80.2901,25.4045],[80.2535,25.4147],[80.2056,25.4159],[80.1809,25.3942],[80.1213,25.3497],[80.0153,25.3309],[79.9154,25.2598],[79.8404,25.2407],[79.8348,25.2177],[79.8642,25.1774],[79.8633,25.1532],[79.8017,25.1319],[79.7676,25.1562],[79.6485,25.1493],[79.56,25.1794],[79.5222,25.1584],[79.4795,25.1055],[79.4508,25.1173],[79.4381,25.1416],[79.3938,25.1368],[79.3962,25.0855],[79.3374,25.0811],[79.3331,25.1272],[79.3687,25.175],[79.4396,25.2863],[79.4226,25.2938],[79.3795,25.2797],[79.3406,25.2664],[79.3239,25.2444],[79.2945,25.2594],[79.2929,25.2933],[79.3236,25.3558],[79.2759,25.334],[79.2631,25.2747],[79.2868,25.169],[79.2347,25.1751],[79.1921,25.1803],[79.1524,25.1661],[79.1192,25.1478],[79.1003,25.1967],[79.024,25.1746],[79.0082,25.2029],[79.0474,25.2569],[79.0284,25.2714],[78.9986,25.2827],[78.9864,25.2584],[78.9615,25.2257],[78.9169,25.1962],[78.8698,25.1805],[78.8677,25.2377],[78.9231,25.2914],[78.9372,25.3218],[78.9549,25.3857],[78.9581,25.4378],[78.9289,25.4389],[78.9085,25.4545],[78.9191,25.5046],[78.8911,25.5381],[78.8553,25.5021],[78.8548,25.4447],[78.8169,25.4172],[78.8003,25.4776],[78.7819,25.524],[78.7342,25.502],[78.7262,25.4556],[78.7457,25.4168],[78.7321,25.3808],[78.7275,25.3464],[78.691,25.3732],[78.6609,25.4059],[78.5971,25.414],[78.5758,25.394],[78.5793,25.3699],[78.5304,25.3157],[78.5136,25.2734],[78.5486,25.2378],[78.6179,25.1089],[78.6591,24.9243],[78.7296,24.8305],[78.7362,24.7255],[78.7154,24.6851],[78.7331,24.6354],[78.7915,24.6421],[78.8565,24.6386],[78.8878,24.5827],[78.9216,24.5234],[78.9138,24.4981],[78.9285,24.4807],[78.9785,24.44],[78.9469,24.3845],[78.8797,24.2964],[78.8098,24.2202],[78.7558,24.2492],[78.7466,24.2794],[78.6733,24.2871],[78.5904,24.3454],[78.4777,24.4116],[78.4527,24.3845],[78.4462,24.3456],[78.4081,24.3084],[78.3458,24.3189],[78.3319,24.3637],[78.3444,24.4147],[78.2775,24.4531],[78.2543,24.4821],[78.2239,24.5192],[78.2704,24.6032],[78.258,24.6449],[78.2523,24.7072],[78.2271,24.7733],[78.1819,24.8466],[78.1804,24.8925],[78.3249,25.0022],[78.3304,25.082],[78.3455,25.1392],[78.3605,25.2105],[78.2723,25.3562],[78.2549,25.404],[78.3567,25.5396],[78.4957,25.5783],[78.5721,25.5824],[78.7476,25.6427],[78.7545,25.6651],[78.7319,25.7208],[78.7296,25.7607],[78.7609,25.8088],[78.824,25.8765],[78.8905,25.9789],[78.9531,26.1003],[78.9248,26.1332],[78.9271,26.1781],[78.9556,26.2039],[78.9382,26.2546],[78.9711,26.2813],[79.0284,26.3011],[79.0608,26.3551],[79.0397,26.3751],[79.0281,26.4976],[78.9382,26.6681],[78.9358,26.6944],[78.8735,26.7006],[78.7924,26.7621],[78.7583,26.773],[78.7241,26.7764],[78.6426,26.7751],[78.6017,26.7643],[78.518,26.7832],[78.4383,26.8087],[78.396,26.8242],[78.3261,26.8598],[78.2582,26.8213],[78.2001,26.8236],[78.1776,26.857],[78.1798,26.875],[78.2414,26.9115],[78.2369,26.9314],[78.1909,26.9417],[78.1221,26.9495],[78.0789,26.9287],[78.0581,26.9101],[78.0213,26.8999],[78.0163,26.8667],[78.0007,26.8907],[77.9174,26.9077],[77.8573,26.9049],[77.8389,26.913],[77.7338,26.9335],[77.6651,26.8968],[77.4923,26.831],[77.4545,26.8074],[77.3979,26.7789],[77.4005,26.8324],[77.4087,26.8726],[77.6496,26.9792],[77.7192,27.0158],[77.696,27.022],[77.674,27.0063],[77.643,27.0466],[77.6279,27.0355],[77.5597,27.0368],[77.5366,27.0665],[77.5118,27.0726],[77.4998,27.0892],[77.5134,27.1092],[77.6004,27.1522],[77.6573,27.2027],[77.6355,27.2254],[77.6105,27.2793],[77.6061,27.3236],[77.5623,27.3359],[77.4849,27.3803],[77.4425,27.3962],[77.4033,27.4731],[77.3367,27.5604],[77.3403,27.5984],[77.3175,27.622],[77.3341,27.6474],[77.3197,27.7016],[77.3004,27.7118],[77.2934,27.7688],[77.3209,27.8394],[77.353,27.8538],[77.4356,27.8923],[77.4798,27.898],[77.5293,27.9525],[77.4958,28.0283],[77.4707,28.0994],[77.4949,28.1518],[77.5016,28.1967],[77.5207,28.2172],[77.5326,28.2412],[77.4908,28.2635],[77.4665,28.3152],[77.4682,28.3967],[77.4387,28.4287],[77.4174,28.4539],[77.4023,28.4673],[77.3786,28.4724],[77.3435,28.4983],[77.2978,28.5694],[77.3262,28.6085],[77.3369,28.6339],[77.3171,28.696],[77.22,28.8051],[77.2131,28.8973],[77.2097,28.9351],[77.1898,28.9882],[77.145,29.1026],[77.1351,29.119],[77.1307,29.2806],[77.1456,29.3238],[77.1339,29.3802],[77.1482,29.4149],[77.0656,29.4248],[77.1052,29.4954],[77.0709,29.5111],[77.0582,29.5555],[77.0998,29.589],[77.0936,29.6409],[77.1281,29.7142],[77.1351,29.7476],[77.1485,29.77],[77.2097,29.9288],[77.2773,30.0176],[77.2847,30.0381],[77.3109,30.0404],[77.3203,30.0601],[77.4033,30.1128],[77.5094,30.2324],[77.588,30.3704],[77.6365,30.4014],[77.9289,30.2443],[77.8692,30.1658],[77.7431,29.96],[77.7677,29.8194],[77.923,29.701],[78.04,29.6882],[78.155,29.675],[78.1607,29.8771],[78.1677,29.9469],[78.2177,29.9537],[78.3527,29.7878],[78.5148,29.6891],[78.6431,29.5376],[78.92,29.4222],[78.86,29.3502],[78.825,29.3526],[78.7878,29.319],[78.7559,29.3287],[78.7249,29.3103],[78.7141,29.2906],[78.8983,29.1774],[79.0134,29.142],[79.1304,29.1153],[79.1453,29.0778],[79.32,28.9645],[79.3712,28.9699],[79.41,28.9313],[79.5262,28.8784],[79.5882,28.8491],[79.6994,28.8504],[79.7299,28.8796],[79.8321,28.866],[79.8279,28.8145],[79.887,28.818],[79.8901,28.7825],[79.9315,28.7822],[79.9348,28.7476],[80.0006,28.7373],[80.0647,28.7938],[80.1142,28.8026],[80.2164,28.7419],[80.257,28.7027],[80.3183,28.6401],[80.3883,28.6272],[80.4885,28.5624],[80.4975,28.6701],[80.559,28.673],[80.5814,28.639],[80.6682,28.5863],[80.7435,28.55],[80.858,28.5024],[80.8867,28.4528],[80.9605,28.4323],[80.9932,28.4078],[81.1697,28.3613],[81.2824,28.1916],[81.2831,28.1461],[81.3237,28.1262],[81.3579,28.166],[81.4353,28.1298],[81.4582,28.0773],[81.5951,27.9949],[81.6889,27.9632],[81.8279,27.8656],[81.9464,27.9054],[82.0516,27.9052],[82.151,27.8483],[82.4407,27.6664],[82.6739,27.6965]]]}},{"type":"Feature","properties":{"name":"Andhra Pradesh"},"geometry":{"type":"MultiPolygon","coordinates":[[[[80.9683,15.7952],[80.9717,15.7505],[80.8685,15.812],[80.9683,15.7952]]],[[[80.2777,13.5125],[80.1525,13.7189],[80.1213,13.6273],[80.1099,13.6807],[80.0913,13.6591],[80.0695,13.5744],[80.1318,13.4962],[80.2277,13.4856],[80.2602,13.4685],[80.1528,13.4594],[80.0976,13.4638],[80.1066,13.4878],[80.1086,13.5121],[80.0413,13.5359],[80.0295,13.5194],[80.053,13.4973],[80.0429,13.4718],[79.9692,13.4271],[79.9635,13.3954],[79.8733,13.3172],[79.7757,13.2983],[79.7543,13.277],[79.7736,13.2571],[79.7906,13.2353],[79.7559,13.2241],[79.6912,13.2432],[79.6885,13.2829],[79.582,13.2779],[79.5442,13.3235],[79.4907,13.3399],[79.4408,13.3215],[79.4255,13.2682],[79.4266,13.2319],[79.369,13.186],[79.3037,13.1293],[79.2629,13.1506],[79.1791,13.0577],[79.114,13.0394],[79.0573,13.0469],[79.0082,13.0621],[78.9929,13.0869],[78.9363,13.0917],[78.9224,13.0546],[78.8837,13.0411],[78.8587,13.0805],[78.7362,13.061],[78.7037,13.0258],[78.6616,13.0137],[78.6393,12.9723],[78.6105,12.8499],[78.5336,12.736],[78.5041,12.7461],[78.4973,12.7186],[78.4359,12.6377],[78.3883,12.6325],[78.2744,12.6974],[78.2487,12.7916],[78.2425,12.8499],[78.2604,12.8576],[78.2859,12.8434],[78.3041,12.8574],[78.3354,12.8666],[78.3419,12.9078],[78.3648,12.9169],[78.4521,12.8633],[78.4633,12.8899],[78.4159,12.9269],[78.4415,12.9799],[78.4628,13.0308],[78.496,13.0619],[78.5189,13.1037],[78.5461,13.1642],[78.5638,13.2118],[78.5657,13.2397],[78.5656,13.2859],[78.5406,13.2879],[78.5162,13.2789],[78.4591,13.3157],[78.4362,13.3163],[78.4099,13.3267],[78.3774,13.3374],[78.3537,13.3689],[78.3551,13.3997],[78.3586,13.4573],[78.3671,13.4982],[78.3653,13.552],[78.3684,13.591],[78.3326,13.5874],[78.3042,13.5995],[78.2722,13.5861],[78.2125,13.5962],[78.1767,13.6067],[78.1182,13.6618],[78.0744,13.6539],[78.0561,13.692],[78.093,13.6946],[78.1022,13.7174],[78.0862,13.7648],[78.0914,13.8301],[77.9981,13.8663],[77.9602,13.8688],[77.9206,13.8305],[77.9092,13.8722],[77.9348,13.9083],[77.9426,13.9468],[77.932,13.9637],[77.9037,13.9416],[77.8788,13.9166],[77.8449,13.934],[77.7916,13.9417],[77.7718,13.9178],[77.7876,13.8906],[77.7841,13.8637],[77.7349,13.8242],[77.6937,13.8076],[77.6749,13.7671],[77.653,13.7715],[77.614,13.7794],[77.5914,13.7612],[77.5838,13.7381],[77.4995,13.7045],[77.4608,13.7033],[77.4406,13.7179],[77.4282,13.7871],[77.3986,13.8217],[77.384,13.8467],[77.3099,13.8496],[77.2685,13.8615],[77.2208,13.8681],[77.1823,13.8887],[77.1527,13.8881],[77.1435,13.9107],[77.1292,13.8953],[77.1272,13.8774],[77.1032,13.8622],[77.1095,13.8446],[77.1271,13.8177],[77.1327,13.7762],[77.0986,13.762],[77.0582,13.7681],[77.0411,13.744],[77.0058,13.7736],[76.9919,13.7788],[76.98,13.7528],[76.9585,13.7816],[76.9637,13.8405],[76.9881,13.8759],[77.0022,13.8942],[77.0053,13.9241],[76.9621,13.9821],[76.9359,14.0109],[76.9408,14.0564],[76.873,14.1374],[76.883,14.1662],[76.911,14.1853],[76.9324,14.1836],[76.9585,14.1702],[76.9736,14.1561],[76.9953,14.0664],[77.0358,14.0461],[77.0877,14.0283],[77.1221,14.0044],[77.244,14.0222],[77.2729,14.0142],[77.2982,14.0006],[77.331,13.9299],[77.3416,13.9048],[77.3949,13.8922],[77.3853,13.9336],[77.3861,13.9693],[77.3558,13.9932],[77.3462,14.0261],[77.3289,14.0568],[77.361,14.1064],[77.3311,14.1191],[77.3496,14.1432],[77.3971,14.1726],[77.4655,14.1862],[77.4562,14.2303],[77.4635,14.2774],[77.4236,14.297],[77.4139,14.3139],[77.3896,14.334],[77.3589,14.3216],[77.3667,14.2871],[77.379,14.2384],[77.3271,14.281],[77.268,14.3015],[77.2612,14.3296],[77.2067,14.3269],[77.141,14.3435],[77.0992,14.3113],[77.0825,14.2515],[77.0631,14.2308],[76.968,14.246],[76.9153,14.2851],[76.9156,14.3111],[76.8624,14.3472],[76.8609,14.3916],[76.8785,14.4087],[76.9025,14.4072],[76.9178,14.4344],[76.9296,14.4665],[76.8914,14.4867],[76.8411,14.4799],[76.8214,14.486],[76.7913,14.5417],[76.7564,14.5589],[76.7386,14.6435],[76.7653,14.7191],[76.769,14.7759],[76.7997,14.7948],[76.8222,14.921],[76.8028,14.9528],[76.7638,14.9714],[76.7195,14.9859],[76.7399,15.0128],[76.7455,15.0639],[76.8795,15.0378],[76.948,15.0216],[76.9935,15.0336],[77.0172,15.0193],[77.0424,15.0064],[77.0872,15.0459],[77.1135,15.1074],[77.1307,15.1416],[77.1135,15.2423],[77.0742,15.3336],[77.0225,15.3649],[76.9962,15.4466],[76.9718,15.4977],[76.9724,15.5222],[77.0048,15.5049],[76.9997,15.6138],[77.0105,15.6446],[77.0479,15.6622],[77.0832,15.6578],[77.0517,15.737],[77.0311,15.7488],[77.0305,15.8492],[77.1437,15.9607],[77.2529,15.9657],[77.4329,15.9547],[77.5825,15.928],[77.749,15.8976],[77.8648,15.8998],[77.9034,15.9128],[78.0875,15.833],[78.1319,15.8762],[78.1851,15.9087],[78.2444,15.9764],[78.2444,16.0385],[78.3163,16.0279],[78.3788,16.0759],[78.5115,16.092],[78.5493,16.0601],[78.6292,16.0711],[78.7341,16.0303],[78.8394,16.0667],[78.8469,16.1507],[78.8818,16.1383],[78.9058,16.1507],[78.9972,16.2303],[79.1103,16.2313],[79.2014,16.2286],[79.2334,16.3305],[79.2083,16.3887],[79.2135,16.4932],[79.2656,16.5696],[79.338,16.5852],[79.4404,16.6065],[79.5043,16.6419],[79.5505,16.6297],[79.585,16.6485],[79.5918,16.6668],[79.6347,16.6691],[79.7209,16.689],[79.7717,16.7271],[79.8615,16.7066],[79.9146,16.6284],[79.9717,16.6549],[80.0462,16.7476],[80.0456,16.839],[80.0406,16.9362],[80.1916,17.0319],[80.3012,16.9413],[80.4481,16.8228],[80.5965,16.8137],[80.5952,16.907],[80.5059,16.9438],[80.3774,16.9931],[80.4193,17.0535],[80.5018,17.108],[80.6697,17.0799],[80.8779,17.0821],[80.9308,17.1925],[81.189,17.2994],[81.4083,17.3706],[81.5352,17.6377],[81.7758,17.8332],[81.8252,17.9379],[82.0424,18.0433],[82.1629,18.0183],[82.2082,17.9995],[82.2401,17.9929],[82.2678,18.0328],[82.3299,18.044],[82.3311,18.0992],[82.3559,18.1312],[82.3229,18.1763],[82.3172,18.2174],[82.3597,18.3016],[82.3671,18.3666],[82.3699,18.419],[82.4292,18.5105],[82.4781,18.5122],[82.5067,18.502],[82.508,18.474],[82.5101,18.4339],[82.5785,18.3549],[82.5974,18.3252],[82.5802,18.2705],[82.5935,18.2401],[82.6357,18.2289],[82.6604,18.2738],[82.6975,18.3056],[82.7814,18.3578],[82.7797,18.4167],[82.8288,18.4288],[82.8784,18.4091],[82.8849,18.3704],[82.9433,18.3567],[83.0067,18.38],[83.0439,18.417],[83.0297,18.4504],[83.082,18.5389],[83.0538,18.5423],[83.0216,18.5877],[83.0256,18.6216],[83.0533,18.6636],[83.109,18.742],[83.1615,18.7639],[83.2017,18.7416],[83.3292,18.8222],[83.392,18.8533],[83.3849,18.8748],[83.372,18.8982],[83.3523,18.9015],[83.3182,18.9526],[83.2995,18.9765],[83.3224,19.0023],[83.3556,18.9991],[83.4237,18.9643],[83.4555,18.9869],[83.4494,19.0014],[83.4664,19.0271],[83.4757,19.0689],[83.4991,19.016],[83.5249,19.016],[83.5539,19.0643],[83.5896,19.1049],[83.6128,19.1298],[83.6871,19.0331],[83.7319,18.9338],[83.7519,18.9482],[83.7447,18.9806],[83.7495,19.0011],[83.7802,19.0093],[83.829,18.915],[83.8569,18.8552],[83.8782,18.8248],[83.8971,18.8084],[84.0546,18.8184],[84.1036,18.8027],[84.1621,18.7853],[84.3361,18.8165],[84.3859,18.8946],[84.418,18.9015],[84.4688,18.9597],[84.4633,18.9796],[84.4739,19.0071],[84.4756,19.0334],[84.5252,19.033],[84.6519,19.0984],[84.6811,19.1005],[84.6861,19.1407],[84.6945,19.1606],[84.763,19.1564],[84.7752,19.1153],[84.7337,19.1391],[84.7228,19.096],[84.761,19.1016],[84.7783,19.091],[84.6795,18.9457],[84.5418,18.7758],[84.4237,18.6365],[84.3123,18.5467],[84.2727,18.5243],[84.2494,18.5017],[84.3499,18.5529],[84.2305,18.4462],[84.1439,18.3748],[84.124,18.3338],[83.6139,18.0452],[83.5584,17.9775],[83.5261,17.9425],[83.4629,17.9085],[83.453,17.8685],[83.4024,17.7845],[83.3044,17.6922],[83.2874,17.6954],[83.2764,17.7131],[83.2493,17.6954],[83.2991,17.6643],[83.2469,17.6342],[83.2229,17.5865],[83.0882,17.5307],[82.9758,17.4537],[82.8968,17.4093],[82.8543,17.4028],[82.7185,17.3486],[82.4229,17.14],[82.3117,17.0466],[82.2507,16.9079],[82.3036,16.8542],[82.3272,16.8494],[82.3625,16.8591],[82.3612,16.936],[82.3521,16.7613],[82.3123,16.6199],[82.2993,16.6101],[82.2855,16.6065],[82.2035,16.5127],[82.0907,16.4548],[82.0078,16.4196],[81.9562,16.4072],[81.8805,16.3817],[81.7176,16.3122],[81.6563,16.3373],[81.5681,16.3464],[81.5402,16.3737],[81.4754,16.3586],[81.4282,16.3657],[81.387,16.3768],[81.3316,16.3698],[81.2498,16.311],[81.2303,16.2436],[81.162,16.0571],[81.1351,15.9665],[80.9989,15.8467],[81.0125,15.812],[81.0047,15.7785],[80.9495,15.8279],[80.9043,15.8713],[80.906,15.9998],[80.889,16.0037],[80.8913,15.9783],[80.8303,15.7476],[80.8027,15.8424],[80.6904,15.9007],[80.6631,15.9007],[80.6001,15.8822],[80.5539,15.8808],[80.4827,15.8364],[80.4455,15.8144],[80.2796,15.7007],[80.2013,15.5183],[80.1838,15.4523],[80.1213,15.37],[80.053,15.0926],[80.073,14.9206],[80.117,14.6981],[80.1664,14.6282],[80.1697,14.5858],[80.1594,14.5657],[80.1961,14.559],[80.176,14.4687],[80.1371,14.2699],[80.0718,14.2322],[80.0506,14.1961],[80.1211,14.242],[80.1497,14.0277],[80.2455,13.7556],[80.238,13.6602],[80.2785,13.5143],[80.2777,13.5125]],[[82.2304,16.7193],[82.2137,16.7483],[82.1849,16.7264],[82.2013,16.7066],[82.2728,16.6923],[82.2714,16.7085],[82.3011,16.7333],[82.2871,16.7377],[82.2304,16.7193]]]]}},{"type":"Feature","properties":{"name":"Odisha"},"geometry":{"type":"Polygon","coordinates":[[[87.4774,21.6136],[87.2935,21.5537],[87.2114,21.5546],[86.9177,21.3274],[86.9522,20.8491],[86.9165,20.7881],[86.9572,20.7532],[87.0,20.7282],[86.9758,20.7107],[86.9519,20.697],[86.9817,20.6854],[87.0194,20.6804],[87.0036,20.6571],[86.7515,20.4892],[86.742,20.3795],[86.7883,20.4028],[86.7942,20.3782],[86.7197,20.3151],[86.7197,20.2917],[86.5838,20.2182],[86.4904,20.1741],[86.415,20.0363],[86.4141,19.9988],[86.2754,20.0674],[86.196,20.0803],[86.1587,20.1431],[86.1587,20.081],[86.2302,20.0353],[86.2891,20.0264],[86.2959,20.0066],[86.3267,19.9848],[86.2686,19.9103],[86.0667,19.852],[86.0321,19.8415],[85.8086,19.7734],[85.7344,19.7636],[85.626,19.7229],[85.5492,19.6906],[85.4475,19.6746],[85.4304,19.6917],[85.4369,19.7047],[85.522,19.7391],[85.515,19.7111],[85.5632,19.7569],[85.5703,19.8756],[85.4636,19.9029],[85.3196,19.7936],[85.2681,19.78],[85.2066,19.6838],[85.1502,19.6135],[85.1514,19.5603],[85.1029,19.5296],[85.124,19.5194],[85.124,19.4783],[85.1514,19.4988],[85.1856,19.5057],[85.1992,19.5541],[85.2332,19.5541],[85.2129,19.5811],[85.2476,19.6149],[85.2332,19.6326],[85.2608,19.6561],[85.3744,19.6747],[85.4032,19.6713],[85.3887,19.6383],[85.3779,19.6149],[85.3301,19.605],[85.3091,19.595],[85.3025,19.5867],[85.5765,19.6906],[85.3367,19.5752],[85.0695,19.3721],[84.7778,19.1162],[84.7547,19.1597],[84.6855,19.1576],[84.688,19.1347],[84.6697,19.0902],[84.6415,19.1005],[84.5136,19.0298],[84.4697,19.0306],[84.4744,19.0011],[84.4626,18.9732],[84.4672,18.9536],[84.4091,18.9019],[84.3768,18.867],[84.3178,18.8092],[84.1531,18.7877],[84.0931,18.8061],[83.9978,18.807],[83.8892,18.8148],[83.8729,18.8348],[83.8542,18.86],[83.8259,18.9205],[83.7719,19.0097],[83.7489,19.0004],[83.7468,18.9718],[83.7486,18.9354],[83.7258,18.944],[83.6464,19.0761],[83.6047,19.1313],[83.5871,19.092],[83.5458,19.0586],[83.5183,19.01],[83.494,19.0399],[83.4642,19.0735],[83.4657,19.0187],[83.4491,19.0009],[83.4547,18.9769],[83.4023,18.9795],[83.3529,19.0011],[83.3137,18.9997],[83.3039,18.9708],[83.3237,18.9352],[83.3564,18.9003],[83.3748,18.895],[83.3902,18.8726],[83.3801,18.8431],[83.2975,18.7992],[83.1908,18.7429],[83.1504,18.7663],[83.0975,18.7275],[83.0281,18.6409],[83.024,18.6122],[83.0368,18.5661],[83.0705,18.5442],[83.0835,18.5253],[83.0337,18.4447],[83.0392,18.3904],[82.9988,18.3792],[82.9041,18.3553],[82.8849,18.3787],[82.8612,18.4101],[82.8161,18.4321],[82.7805,18.4064],[82.7716,18.3444],[82.68,18.2965],[82.6559,18.2505],[82.6224,18.2359],[82.5867,18.2444],[82.5825,18.2819],[82.5948,18.333],[82.5286,18.397],[82.5129,18.454],[82.5066,18.4793],[82.5027,18.5106],[82.4667,18.5173],[82.4171,18.4809],[82.3682,18.414],[82.3525,18.3304],[82.3608,18.2916],[82.3113,18.2055],[82.3528,18.1553],[82.3465,18.1255],[82.3356,18.0815],[82.3193,18.0413],[82.2616,18.0203],[82.2296,17.9946],[82.1932,17.9987],[82.1491,18.0289],[81.9954,18.01],[81.759,17.9089],[81.7044,17.861],[81.6227,17.8283],[81.5243,17.8235],[81.4919,17.8006],[81.4602,17.7905],[81.3907,17.837],[81.3973,17.8831],[81.4178,17.8857],[81.4395,17.8774],[81.4493,17.9057],[81.4637,17.9443],[81.4822,17.9941],[81.4829,18.0514],[81.5031,18.0799],[81.5231,18.1503],[81.5137,18.1888],[81.5218,18.2181],[81.5537,18.2698],[81.5934,18.2722],[81.6705,18.3249],[81.7171,18.341],[81.7723,18.4132],[81.8695,18.5082],[81.9328,18.5542],[81.9419,18.594],[81.9037,18.6219],[81.9168,18.6442],[81.9478,18.6581],[81.9895,18.7002],[82.0591,18.7124],[82.0953,18.7688],[82.1183,18.7551],[82.1502,18.7828],[82.1646,18.8672],[82.1789,18.8898],[82.2142,18.9135],[82.2254,18.9963],[82.2065,19.0465],[82.1879,19.1009],[82.1674,19.1549],[82.1485,19.2129],[82.1532,19.2714],[82.1585,19.3347],[82.1396,19.3647],[82.17,19.3951],[82.1426,19.4287],[82.1022,19.4458],[82.0669,19.4972],[82.0321,19.5948],[82.0312,19.6765],[82.0362,19.7671],[81.9781,19.7882],[81.9435,19.8321],[81.8332,19.9038],[81.8131,19.9455],[81.8678,20.0467],[81.9396,20.1047],[82.0093,20.0445],[82.0163,20.0169],[82.0461,20.0179],[82.0659,20.0537],[82.0851,20.057],[82.1411,20.0127],[82.1566,19.9915],[82.1708,19.9771],[82.2179,19.973],[82.3049,19.8233],[82.338,19.8672],[82.3611,19.8839],[82.4887,19.8679],[82.5737,19.8474],[82.5729,19.8147],[82.5732,19.7749],[82.6011,19.7746],[82.6823,19.8227],[82.7133,19.8555],[82.6855,19.8876],[82.7009,19.9688],[82.6926,20.0014],[82.6477,20.0041],[82.6263,19.9919],[82.5985,19.9928],[82.5726,20.0192],[82.5098,20.0219],[82.4708,20.0414],[82.4134,20.0933],[82.428,20.2415],[82.4143,20.3204],[82.4203,20.4516],[82.4019,20.4533],[82.3825,20.484],[82.3727,20.5069],[82.3612,20.4992],[82.3401,20.5425],[82.3667,20.6571],[82.3603,20.7058],[82.342,20.8608],[82.353,20.8805],[82.401,20.8724],[82.405,20.8494],[82.4159,20.8338],[82.463,20.8554],[82.5146,20.9237],[82.5482,20.9394],[82.6441,21.1043],[82.6447,21.1444],[82.7526,21.1601],[82.7822,21.1449],[82.8223,21.1579],[82.977,21.1762],[83.0089,21.1509],[83.0479,21.1357],[83.1291,21.1179],[83.1862,21.1535],[83.2571,21.2903],[83.2552,21.3116],[83.2659,21.3431],[83.3011,21.3587],[83.3708,21.3367],[83.3875,21.3771],[83.3413,21.4362],[83.3262,21.4878],[83.3433,21.56],[83.4633,21.7661],[83.4864,21.8085],[83.5112,21.7962],[83.5222,21.8303],[83.5571,21.8349],[83.5613,21.8836],[83.5664,21.9282],[83.5153,21.9639],[83.5222,22.0284],[83.5649,22.0521],[83.5654,22.0797],[83.5487,22.1129],[83.64,22.2233],[83.8167,22.3325],[83.9319,22.3655],[83.9891,22.4171],[83.9971,22.4518],[83.9681,22.5226],[84.067,22.4996],[84.1478,22.3868],[84.2174,22.3605],[84.4082,22.3287],[84.4973,22.3722],[84.5044,22.4025],[84.5301,22.423],[84.7619,22.4408],[84.8176,22.4481],[84.9215,22.4249],[84.9834,22.4503],[85.0878,22.4466],[85.0989,22.3047],[85.0089,22.1515],[84.9863,22.1067],[85.0503,22.1209],[85.1092,22.1085],[85.2202,22.0291],[85.3241,22.1267],[85.41,22.162],[85.4611,22.1581],[85.6791,22.0759],[85.7343,22.0961],[85.7804,22.1251],[85.8006,22.1062],[85.7785,22.0638],[85.7847,22.0119],[85.9162,22.0221],[85.9741,22.1114],[85.9847,22.1721],[85.9646,22.2449],[85.993,22.3164],[85.9748,22.4246],[85.9373,22.4951],[85.9456,22.5056],[85.9943,22.5179],[86.0302,22.553],[86.0648,22.5459],[86.3047,22.3971],[86.366,22.3301],[86.4337,22.3231],[86.5061,22.3308],[86.7046,22.1887],[86.7667,22.1677],[86.8614,22.1205],[86.9713,22.0795],[87.0009,22.0452],[87.0047,22.0001],[87.0314,21.908],[87.0691,21.9276],[87.1008,21.9513],[87.1366,21.9772],[87.2147,21.9241],[87.2397,21.8326],[87.4245,21.7747],[87.4279,21.7037],[87.4774,21.6136]]]}},{"type":"Feature","properties":{"name":"Dadra and Nagar Haveli and Daman and Diu"},"geometry":{"type":"MultiPolygon","coordinates":[[[[71.006,20.7366],[71.0008,20.7222],[70.9824,20.7101],[70.973,20.7096],[70.9716,20.7157],[70.9716,20.7247],[70.976,20.7329],[70.982,20.7381],[70.9909,20.7396],[70.9992,20.7388],[71.006,20.7366]]],[[[72.8181,20.3788],[72.84,20.4587],[72.8796,20.4395],[72.839,20.3763],[72.8181,20.3788]]],[[[73.0651,20.3373],[73.0718,20.3039],[73.0906,20.285],[73.1214,20.2842],[73.1122,20.2549],[73.0356,20.2082],[73.0418,20.1577],[73.0861,20.1392],[73.1047,20.1637],[73.1192,20.1824],[73.1663,20.1149],[73.1533,20.0329],[73.1236,20.0387],[73.0932,20.0559],[73.0638,20.041],[73.0394,20.0593],[73.0016,20.0389],[72.9702,20.0868],[72.9394,20.1843],[72.9038,20.2159],[72.888,20.2386],[72.9027,20.2583],[72.9429,20.2535],[72.9682,20.2981],[72.9976,20.2936],[73.0651,20.3373]]]]}},{"type":"Feature","properties":{"name":"Maharashtra"},"geometry":{"type":"Polygon","coordinates":[[[73.7009,15.7232],[73.6463,15.7369],[73.6047,15.8808],[73.491,15.9935],[73.4993,16.0243],[73.4649,16.0517],[73.453,16.0742],[73.4634,16.1596],[73.465,16.1823],[73.4402,16.162],[73.426,16.2152],[73.4061,16.2508],[73.3757,16.3603],[73.3731,16.3957],[73.3413,16.4321],[73.3058,16.5226],[73.315,16.5576],[73.3557,16.5194],[73.3562,16.5307],[73.3713,16.5593],[73.3172,16.5903],[73.3235,16.6064],[73.363,16.5968],[73.3543,16.6347],[73.3106,16.6514],[73.3216,16.6925],[73.2953,16.7681],[73.2866,16.8209],[73.2791,16.8919],[73.2894,16.9838],[73.2512,17.0322],[73.2774,17.0547],[73.262,17.135],[73.236,17.2206],[73.1931,17.294],[73.2312,17.2793],[73.196,17.3694],[73.1771,17.4267],[73.1655,17.5034],[73.1364,17.5672],[73.1859,17.5925],[73.1213,17.6264],[73.1105,17.6757],[73.1232,17.7233],[73.1066,17.7855],[73.0737,17.8571],[73.0354,17.9918],[73.0088,18.0259],[73.0435,18.067],[73.0088,18.039],[72.9832,18.0817],[72.9784,18.1119],[72.9269,18.2239],[72.9333,18.2666],[72.9575,18.2746],[72.9767,18.2426],[73.0324,18.2379],[73.0476,18.1888],[73.0653,18.2576],[73.0125,18.2792],[72.9748,18.3276],[72.9279,18.3576],[72.9098,18.3681],[72.9102,18.3992],[72.8897,18.4413],[72.9247,18.5356],[73.0088,18.4505],[72.981,18.5089],[72.9502,18.5604],[72.8822,18.6355],[72.8524,18.7699],[72.8871,18.807],[72.939,18.817],[72.9806,18.7368],[73.0025,18.8015],[72.9748,18.8483],[72.9778,18.875],[72.9617,18.8651],[72.9126,18.9235],[72.9492,18.9515],[72.9536,18.9644],[73.0422,18.9958],[73.0119,19.0094],[72.981,19.0464],[72.9673,19.091],[72.9356,19.1151],[72.9343,19.0341],[72.8693,19.0114],[72.8213,18.9033],[72.8053,18.931],[72.7923,18.9512],[72.7761,18.9597],[72.8027,19.0402],[72.8242,19.0535],[72.8231,19.1085],[72.8122,19.1537],[72.8112,19.1755],[72.7849,19.1504],[72.8198,19.2406],[72.7894,19.2174],[72.7854,19.3139],[72.9006,19.2908],[72.9727,19.2937],[73.0497,19.2177],[73.0193,19.2661],[72.971,19.307],[72.8553,19.3395],[72.7876,19.3452],[72.7468,19.468],[72.8567,19.5413],[72.7879,19.5303],[72.7707,19.5661],[72.7383,19.5703],[72.7493,19.5342],[72.7415,19.516],[72.7096,19.65],[72.7046,19.7065],[72.7186,19.7279],[72.7313,19.7546],[72.7283,19.7936],[72.6799,19.8005],[72.6592,19.8664],[72.6652,19.9529],[72.7034,19.9976],[72.732,20.0757],[72.7769,20.1015],[72.8166,20.0983],[72.8726,20.1018],[72.9806,20.0624],[73.0078,20.04],[73.0461,20.0567],[73.0678,20.0408],[73.1031,20.0562],[73.1367,20.0272],[73.1609,20.0475],[73.193,20.111],[73.2377,20.1314],[73.2446,20.1602],[73.2625,20.1909],[73.3638,20.1783],[73.3785,20.21],[73.3926,20.2559],[73.3854,20.3411],[73.3672,20.3589],[73.3929,20.4185],[73.4506,20.5738],[73.4395,20.5876],[73.4139,20.596],[73.4037,20.6336],[73.3724,20.6386],[73.3717,20.6595],[73.434,20.7163],[73.4603,20.7106],[73.4871,20.6705],[73.5695,20.6249],[73.63,20.5639],[73.7128,20.5665],[73.7923,20.6062],[73.812,20.6515],[73.8892,20.7406],[73.9112,20.7904],[73.8846,20.9265],[73.8474,20.9903],[73.7898,21.0585],[73.7259,21.0972],[73.6846,21.1238],[73.634,21.1194],[73.5519,21.1907],[73.5769,21.1946],[73.6537,21.1702],[73.6874,21.1664],[73.7147,21.1806],[73.7556,21.1972],[73.8001,21.2809],[73.8413,21.2658],[73.9295,21.3085],[73.9919,21.4162],[74.0535,21.4657],[74.1087,21.4516],[74.2915,21.5139],[74.2996,21.5455],[74.2854,21.5731],[74.2488,21.5596],[74.1826,21.5474],[74.1555,21.5688],[74.1287,21.5649],[74.0379,21.5593],[73.9239,21.5313],[73.8156,21.5115],[73.7633,21.5857],[73.762,21.6238],[73.8391,21.6822],[73.8075,21.7245],[73.7968,21.7945],[73.8242,21.8422],[73.9176,21.8669],[74.061,21.9403],[74.2049,21.9251],[74.2844,21.9449],[74.29,21.966],[74.3424,21.982],[74.428,22.0062],[74.487,21.8201],[74.5069,21.7637],[74.5345,21.7076],[74.6609,21.6453],[74.7081,21.6112],[74.8647,21.6161],[74.9285,21.5913],[75.0115,21.5735],[75.1062,21.4831],[75.1405,21.4291],[75.3475,21.3847],[75.48,21.3763],[75.5923,21.3808],[75.7065,21.3782],[75.9368,21.3925],[76.0489,21.3652],[76.0938,21.3586],[76.1429,21.1931],[76.1154,21.1753],[76.1036,21.1669],[76.1439,21.1069],[76.3174,21.0819],[76.4496,21.1224],[76.5236,21.1916],[76.6363,21.22],[76.6396,21.3205],[76.6464,21.3587],[76.7295,21.413],[76.7771,21.4801],[76.7855,21.5047],[76.7889,21.5499],[76.8997,21.6127],[77.1155,21.724],[77.1915,21.7177],[77.2107,21.7009],[77.2429,21.7169],[77.2965,21.7481],[77.4607,21.77],[77.4973,21.7472],[77.5093,21.7296],[77.5518,21.6968],[77.5614,21.5835],[77.5749,21.5483],[77.444,21.5471],[77.4307,21.5116],[77.4818,21.4239],[77.4938,21.3912],[77.5195,21.4177],[77.5535,21.3973],[77.5904,21.3854],[77.6381,21.3988],[77.6901,21.3859],[77.7439,21.4001],[77.8054,21.4229],[77.9102,21.4006],[78.1444,21.4987],[78.2084,21.5594],[78.3404,21.6199],[78.3877,21.6237],[78.4143,21.5788],[78.4284,21.5157],[78.4319,21.5074],[78.4667,21.5156],[78.5137,21.5266],[78.5612,21.4961],[78.7381,21.484],[78.9042,21.5093],[78.9311,21.5439],[78.9321,21.5823],[79.1159,21.6219],[79.2273,21.6639],[79.2376,21.7093],[79.3088,21.6941],[79.3991,21.6904],[79.4863,21.6635],[79.5399,21.5914],[79.5516,21.55],[79.6001,21.5474],[79.6603,21.5852],[79.7813,21.5921],[79.8285,21.557],[79.8621,21.5282],[79.922,21.5425],[79.9779,21.562],[79.9847,21.5483],[80.0887,21.5918],[80.1822,21.6325],[80.2761,21.5847],[80.3188,21.5606],[80.3878,21.4926],[80.4176,21.4468],[80.3953,21.4149],[80.4099,21.3921],[80.4647,21.4035],[80.612,21.3317],[80.6441,21.3324],[80.6664,21.2796],[80.4845,21.1677],[80.4568,21.1255],[80.4353,20.9992],[80.4633,20.9422],[80.498,20.9301],[80.5339,20.9375],[80.5547,20.9078],[80.573,20.6976],[80.5172,20.6482],[80.4946,20.6096],[80.5064,20.5901],[80.5473,20.6013],[80.586,20.6165],[80.6224,20.6009],[80.6209,20.5416],[80.6349,20.5123],[80.6144,20.4643],[80.6209,20.3615],[80.6159,20.3228],[80.5474,20.2777],[80.4538,20.2573],[80.4232,20.2224],[80.4142,20.1552],[80.5148,20.1405],[80.5572,20.0483],[80.5448,19.999],[80.526,19.9186],[80.4672,19.9386],[80.4312,19.9115],[80.4318,19.8839],[80.4807,19.8711],[80.4789,19.8386],[80.4472,19.8167],[80.409,19.792],[80.4587,19.7673],[80.4873,19.7711],[80.4869,19.7882],[80.5008,19.8109],[80.5378,19.8109],[80.5656,19.7398],[80.6385,19.7052],[80.6757,19.6766],[80.7129,19.5926],[80.8147,19.5489],[80.8546,19.5267],[80.8954,19.4522],[80.8542,19.4144],[80.8025,19.3943],[80.831,19.3342],[80.7512,19.291],[80.7167,19.2627],[80.653,19.3224],[80.5871,19.3819],[80.5264,19.3553],[80.4808,19.3286],[80.4371,19.2653],[80.3731,19.1514],[80.2904,19.0193],[80.3442,18.8507],[80.266,18.7682],[80.2704,18.7137],[80.0905,18.6975],[80.0394,18.7521],[79.9169,18.8266],[79.9649,18.9354],[79.8821,19.0419],[79.8937,19.1374],[79.9306,19.2119],[79.9289,19.2639],[79.9499,19.2888],[79.9576,19.3515],[79.9638,19.426],[79.9434,19.4644],[79.9185,19.4907],[79.8693,19.5064],[79.8419,19.5467],[79.7958,19.5941],[79.7086,19.5914],[79.6089,19.5531],[79.6008,19.5189],[79.5717,19.5097],[79.5528,19.5263],[79.5048,19.5358],[79.3965,19.5405],[79.3636,19.5741],[79.2543,19.5775],[79.2433,19.5311],[79.2139,19.4896],[79.1831,19.4674],[79.1096,19.5228],[79.0589,19.5471],[79.0132,19.5471],[78.999,19.5609],[78.9803,19.5658],[78.9727,19.5848],[78.9279,19.6038],[78.9148,19.6283],[78.8725,19.6501],[78.8399,19.737],[78.8056,19.7638],[78.7117,19.7743],[78.5846,19.8147],[78.5414,19.824],[78.5127,19.8203],[78.4988,19.8104],[78.4777,19.7991],[78.4035,19.8325],[78.3696,19.8752],[78.3632,19.7604],[78.3994,19.7361],[78.3973,19.6998],[78.3413,19.6563],[78.3057,19.5748],[78.3026,19.4828],[78.2401,19.4602],[78.2048,19.4282],[78.1744,19.3747],[78.1818,19.2985],[78.1573,19.2623],[78.1005,19.2701],[78.051,19.2654],[77.9924,19.3227],[77.954,19.3238],[77.9115,19.3303],[77.8695,19.3033],[77.8872,19.2829],[77.8606,19.2379],[77.8324,19.1589],[77.8367,19.1267],[77.8104,19.108],[77.7681,19.065],[77.7587,19.0281],[77.7644,18.9935],[77.7898,18.9879],[77.8052,18.9739],[77.8132,18.952],[77.839,18.947],[77.8424,18.9092],[77.9108,18.8531],[77.886,18.8264],[77.8393,18.8096],[77.7811,18.7038],[77.7366,18.7041],[77.7034,18.6691],[77.7098,18.6227],[77.6799,18.57],[77.6106,18.5604],[77.5808,18.5292],[77.5586,18.4932],[77.5498,18.4649],[77.5295,18.4096],[77.5026,18.3816],[77.5577,18.3299],[77.4932,18.309],[77.4376,18.2819],[77.4199,18.3215],[77.3466,18.3515],[77.3416,18.4263],[77.3019,18.4603],[77.2327,18.4107],[77.2311,18.3338],[77.2039,18.308],[77.0978,18.2304],[77.0803,18.1913],[77.0277,18.1886],[76.9701,18.1821],[76.8929,18.1443],[76.8835,18.0294],[76.883,17.9549],[76.8391,17.8842],[76.7542,17.9009],[76.7569,17.8354],[76.7342,17.8082],[76.6877,17.755],[76.6256,17.7364],[76.5833,17.77],[76.5227,17.777],[76.497,17.7444],[76.4658,17.7263],[76.4617,17.6978],[76.4165,17.6714],[76.3222,17.6177],[76.3317,17.5763],[76.3321,17.5381],[76.3364,17.509],[76.3215,17.4642],[76.3474,17.4134],[76.375,17.3719],[76.3038,17.3566],[76.2454,17.3671],[76.1983,17.3878],[76.1463,17.3711],[76.0613,17.3576],[76.0099,17.3537],[75.9365,17.3259],[75.8977,17.3522],[75.8776,17.412],[75.8159,17.4058],[75.763,17.3851],[75.73,17.4182],[75.6596,17.4671],[75.6131,17.4716],[75.5809,17.4152],[75.5528,17.3659],[75.5824,17.2903],[75.6164,17.2587],[75.6184,17.2117],[75.6051,17.1581],[75.6344,17.1194],[75.6424,17.0751],[75.6229,17.0492],[75.6407,16.9991],[75.6167,16.9747],[75.5538,17.0149],[75.5264,16.9892],[75.4614,16.9617],[75.4348,16.9822],[75.3389,16.9693],[75.2457,16.9538],[75.2426,16.9021],[75.1445,16.8712],[75.1015,16.8997],[75.0669,16.9232],[75.0489,16.9532],[74.9638,16.9542],[74.9332,16.9026],[74.8993,16.8786],[74.844,16.8547],[74.8588,16.8189],[74.8635,16.7631],[74.824,16.7647],[74.7805,16.7572],[74.7359,16.7382],[74.7048,16.7152],[74.6753,16.6776],[74.6445,16.6519],[74.6553,16.6025],[74.6141,16.5906],[74.5574,16.5517],[74.5458,16.5583],[74.5444,16.5753],[74.5265,16.6151],[74.4786,16.6306],[74.4349,16.6468],[74.4154,16.5989],[74.3877,16.5771],[74.3532,16.5435],[74.3312,16.555],[74.3111,16.563],[74.2924,16.5284],[74.265,16.5389],[74.2384,16.5198],[74.2288,16.4838],[74.2403,16.4844],[74.2669,16.496],[74.2746,16.4732],[74.2844,16.459],[74.3108,16.4589],[74.3189,16.4375],[74.3323,16.4161],[74.3579,16.4007],[74.3396,16.3867],[74.3043,16.3694],[74.3195,16.3252],[74.321,16.2894],[74.3374,16.2826],[74.3599,16.2943],[74.4662,16.2424],[74.4763,16.2028],[74.4643,16.1016],[74.398,16.0883],[74.3894,16.058],[74.4282,16.0449],[74.4288,15.9938],[74.3823,15.9081],[74.3659,15.8513],[74.3495,15.7894],[74.294,15.7344],[74.2175,15.7275],[74.2153,15.739],[74.2096,15.7688],[74.1381,15.7295],[74.1071,15.6773],[74.0995,15.6553],[73.9903,15.6135],[73.932,15.6443],[73.9003,15.7305],[73.8505,15.745],[73.8357,15.7773],[73.8131,15.7719],[73.7704,15.7366],[73.7009,15.7232]]]}},{"type":"Feature","properties":{"name":"Goa"},"geometry":{"type":"Polygon","coordinates":[[[74.0912,14.8876],[74.0303,14.9352],[74.0202,15.0018],[73.9644,15.0646],[73.937,15.1304],[73.9473,15.1608],[73.8484,15.3601],[73.8394,15.404],[73.8849,15.398],[73.9541,15.3663],[73.9678,15.3738],[73.8859,15.4352],[73.8542,15.4383],[73.7964,15.4489],[73.8176,15.4966],[73.8595,15.5211],[73.7964,15.5004],[73.7561,15.5376],[73.7371,15.5985],[73.7604,15.632],[73.801,15.6619],[73.7332,15.6251],[73.6979,15.6628],[73.7009,15.7232],[73.7927,15.7416],[73.8264,15.783],[73.8403,15.7541],[73.8769,15.7398],[73.9128,15.71],[73.9644,15.6188],[74.0616,15.6395],[74.1408,15.6376],[74.1724,15.6534],[74.2341,15.6228],[74.2578,15.5186],[74.2392,15.4542],[74.2591,15.4201],[74.2591,15.386],[74.2984,15.3366],[74.2983,15.2729],[74.2471,15.2561],[74.2442,15.2313],[74.2881,15.2006],[74.2884,15.1676],[74.2597,15.0903],[74.2666,15.0323],[74.2476,14.9777],[74.2266,14.9432],[74.1607,14.9292],[74.0912,14.8876]]]}},{"type":"Feature","properties":{"name":"Karnataka"},"geometry":{"type":"Polygon","coordinates":[[[74.8543,12.7653],[74.835,12.8158],[74.8591,12.8246],[74.9011,12.8534],[74.8948,12.8712],[74.7834,13.0847],[74.7619,13.1431],[74.7378,13.2214],[74.6961,13.366],[74.6834,13.4428],[74.7083,13.413],[74.6771,13.5268],[74.6699,13.622],[74.6729,13.6289],[74.6872,13.647],[74.7356,13.6538],[74.6883,13.6859],[74.676,13.7011],[74.6146,13.8355],[74.5364,13.9699],[74.4963,14.0615],[74.4749,14.1057],[74.429,14.2404],[74.495,14.2475],[74.4277,14.2838],[74.397,14.3727],[74.3867,14.4242],[74.3519,14.5302],[74.4072,14.462],[74.3854,14.5241],[74.3792,14.5446],[74.3555,14.5571],[74.341,14.5512],[74.3098,14.5194],[74.2952,14.5873],[74.3239,14.6186],[74.2759,14.6102],[74.2692,14.6589],[74.2205,14.7381],[74.1738,14.7499],[74.1465,14.7619],[74.0913,14.8114],[74.1187,14.8319],[74.1595,14.8257],[74.208,14.8666],[74.2352,14.8765],[74.208,14.9008],[74.1541,14.8621],[74.103,14.8569],[74.1546,14.9275],[74.2099,14.9335],[74.2452,14.9657],[74.2643,15.0222],[74.2603,15.0831],[74.2647,15.1208],[74.291,15.1949],[74.2491,15.2255],[74.2434,15.2525],[74.2897,15.2666],[74.3002,15.329],[74.2635,15.3774],[74.2589,15.4153],[74.251,15.4427],[74.2545,15.5003],[74.238,15.616],[74.179,15.652],[74.148,15.6401],[74.1006,15.6403],[74.0948,15.6728],[74.125,15.7137],[74.2025,15.7711],[74.2166,15.7511],[74.2145,15.7292],[74.2816,15.7299],[74.3311,15.7619],[74.3708,15.8448],[74.3545,15.8726],[74.4219,15.9767],[74.4313,16.0408],[74.3965,16.0551],[74.3869,16.0768],[74.4575,16.0974],[74.4704,16.1612],[74.4708,16.2358],[74.3662,16.2929],[74.3411,16.2848],[74.3238,16.2829],[74.3211,16.3211],[74.3058,16.3527],[74.322,16.3851],[74.3565,16.3953],[74.3385,16.4127],[74.3201,16.4302],[74.3146,16.4563],[74.2903,16.4577],[74.2754,16.4689],[74.2695,16.4938],[74.2514,16.4918],[74.2322,16.4826],[74.2257,16.4925],[74.2579,16.5439],[74.2854,16.5264],[74.3074,16.559],[74.3269,16.5596],[74.3467,16.5418],[74.3823,16.5736],[74.4114,16.5927],[74.43,16.6443],[74.4698,16.6334],[74.5246,16.6238],[74.5408,16.5814],[74.5457,16.5628],[74.5524,16.5518],[74.5812,16.562],[74.6361,16.6005],[74.672,16.6254],[74.6722,16.6727],[74.6943,16.7152],[74.7285,16.7267],[74.7579,16.7453],[74.8071,16.7675],[74.8576,16.7579],[74.8667,16.7762],[74.8446,16.852],[74.854,16.8656],[74.9289,16.898],[74.96,16.9511],[75.0434,16.9528],[75.0612,16.9318],[75.0981,16.9047],[75.1341,16.8766],[75.1971,16.877],[75.2414,16.9478],[75.3253,16.9636],[75.4261,16.9849],[75.4534,16.9641],[75.5178,16.982],[75.5487,17.0153],[75.6029,16.9782],[75.6381,16.9905],[75.6375,17.0289],[75.6291,17.0663],[75.6435,17.1036],[75.6095,17.146],[75.6131,17.2031],[75.621,17.2424],[75.5874,17.2851],[75.5698,17.3343],[75.5735,17.4084],[75.6076,17.4645],[75.6434,17.4766],[75.7048,17.4158],[75.7586,17.3956],[75.7993,17.386],[75.87,17.4161],[75.8927,17.3639],[75.927,17.331],[75.9967,17.3493],[76.0406,17.3494],[76.1271,17.3813],[76.1841,17.3844],[76.2285,17.3825],[76.2912,17.3581],[76.3536,17.357],[76.3698,17.3983],[76.3329,17.4545],[76.3281,17.5008],[76.3323,17.5341],[76.3364,17.5683],[76.3131,17.6098],[76.4135,17.6648],[76.454,17.6924],[76.466,17.719],[76.4896,17.7403],[76.513,17.7728],[76.5709,17.7671],[76.6165,17.745],[76.676,17.7069],[76.7148,17.7995],[76.7557,17.8258],[76.7409,17.8984],[76.8253,17.8845],[76.8776,17.9336],[76.8817,18.0186],[76.8975,18.1055],[76.9495,18.18],[77.0155,18.1821],[77.0695,18.1891],[77.094,18.2191],[77.1769,18.297],[77.2274,18.3221],[77.229,18.3995],[77.2909,18.4608],[77.3366,18.436],[77.3438,18.3612],[77.4066,18.3277],[77.4319,18.288],[77.4769,18.2926],[77.5512,18.3079],[77.5757,18.2619],[77.5907,18.1755],[77.5917,18.1083],[77.561,18.0958],[77.5948,18.0446],[77.6258,17.9575],[77.5592,17.8699],[77.5235,17.8521],[77.5001,17.8158],[77.5196,17.7939],[77.5313,17.754],[77.4705,17.7203],[77.4115,17.6308],[77.4849,17.5811],[77.5359,17.5737],[77.5926,17.5502],[77.6423,17.5661],[77.6858,17.5672],[77.648,17.4976],[77.5783,17.4555],[77.5362,17.4354],[77.4964,17.3746],[77.3704,17.1692],[77.4156,17.1492],[77.441,17.0814],[77.4512,16.9926],[77.4344,16.8128],[77.4148,16.7796],[77.4155,16.7173],[77.4413,16.6841],[77.4111,16.6478],[77.4388,16.6506],[77.4394,16.6221],[77.418,16.5798],[77.3831,16.5428],[77.3116,16.4855],[77.2847,16.4152],[77.4731,16.3811],[77.5476,16.343],[77.54,16.2995],[77.4908,16.2616],[77.484,16.1995],[77.4851,16.093],[77.48,15.9939],[77.4329,15.9547],[77.2529,15.9657],[77.1437,15.9607],[77.0305,15.8492],[77.0311,15.7488],[77.0517,15.737],[77.0832,15.6578],[77.0479,15.6622],[77.0105,15.6446],[76.9997,15.6138],[77.0048,15.5049],[76.9724,15.5222],[76.9718,15.4977],[76.9962,15.4466],[77.0225,15.3649],[77.0742,15.3336],[77.1135,15.2423],[77.1307,15.1416],[77.1135,15.1074],[77.0872,15.0459],[77.0424,15.0064],[77.0172,15.0193],[76.9935,15.0336],[76.948,15.0216],[76.8795,15.0378],[76.7455,15.0639],[76.7399,15.0128],[76.7195,14.9859],[76.7638,14.9714],[76.8028,14.9528],[76.8222,14.921],[76.7997,14.7948],[76.769,14.7759],[76.7653,14.7191],[76.7386,14.6435],[76.7564,14.5589],[76.7913,14.5417],[76.8214,14.486],[76.8411,14.4799],[76.8914,14.4867],[76.9296,14.4665],[76.9178,14.4344],[76.9025,14.4072],[76.8785,14.4087],[76.8609,14.3916],[76.8624,14.3472],[76.9156,14.3111],[76.9153,14.2851],[76.968,14.246],[77.0631,14.2308],[77.0825,14.2515],[77.0992,14.3113],[77.141,14.3435],[77.2067,14.3269],[77.2612,14.3296],[77.268,14.3015],[77.3271,14.281],[77.379,14.2384],[77.3667,14.2871],[77.3589,14.3216],[77.3896,14.334],[77.4139,14.3139],[77.4236,14.297],[77.4635,14.2774],[77.4562,14.2303],[77.4655,14.1862],[77.3971,14.1726],[77.3496,14.1432],[77.3311,14.1191],[77.361,14.1064],[77.3289,14.0568],[77.3462,14.0261],[77.3558,13.9932],[77.3861,13.9693],[77.3853,13.9336],[77.3949,13.8922],[77.3416,13.9048],[77.331,13.9299],[77.2982,14.0006],[77.2729,14.0142],[77.244,14.0222],[77.1221,14.0044],[77.0877,14.0283],[77.0358,14.0461],[76.9953,14.0664],[76.9736,14.1561],[76.9585,14.1702],[76.9324,14.1836],[76.911,14.1853],[76.883,14.1662],[76.873,14.1374],[76.9408,14.0564],[76.9359,14.0109],[76.9621,13.9821],[77.0053,13.9241],[77.0022,13.8942],[76.9881,13.8759],[76.9637,13.8405],[76.9585,13.7816],[76.98,13.7528],[76.9919,13.7788],[77.0058,13.7736],[77.0411,13.744],[77.0582,13.7681],[77.0986,13.762],[77.1327,13.7762],[77.1271,13.8177],[77.1095,13.8446],[77.1032,13.8622],[77.1272,13.8774],[77.1292,13.8953],[77.1435,13.9107],[77.1527,13.8881],[77.1823,13.8887],[77.2208,13.8681],[77.2685,13.8615],[77.3099,13.8496],[77.384,13.8467],[77.3986,13.8217],[77.4282,13.7871],[77.4406,13.7179],[77.4608,13.7033],[77.4995,13.7045],[77.5838,13.7381],[77.5914,13.7612],[77.614,13.7794],[77.653,13.7715],[77.6749,13.7671],[77.6937,13.8076],[77.7349,13.8242],[77.7841,13.8637],[77.7876,13.8906],[77.7718,13.9178],[77.7916,13.9417],[77.8449,13.934],[77.8788,13.9166],[77.9037,13.9416],[77.932,13.9637],[77.9426,13.9468],[77.9348,13.9083],[77.9092,13.8722],[77.9206,13.8305],[77.9602,13.8688],[77.9981,13.8663],[78.0914,13.8301],[78.0862,13.7648],[78.1022,13.7174],[78.093,13.6946],[78.0561,13.692],[78.0744,13.6539],[78.1182,13.6618],[78.1767,13.6067],[78.2125,13.5962],[78.2722,13.5861],[78.3042,13.5995],[78.3326,13.5874],[78.3684,13.591],[78.3653,13.552],[78.3671,13.4982],[78.3586,13.4573],[78.3551,13.3997],[78.3537,13.3689],[78.3774,13.3374],[78.4099,13.3267],[78.4362,13.3163],[78.4591,13.3157],[78.5162,13.2789],[78.5406,13.2879],[78.5656,13.2859],[78.5657,13.2397],[78.5638,13.2118],[78.5461,13.1642],[78.5189,13.1037],[78.496,13.0619],[78.4628,13.0308],[78.4415,12.9799],[78.4159,12.9269],[78.4633,12.8899],[78.4521,12.8633],[78.3648,12.9169],[78.3419,12.9078],[78.3354,12.8666],[78.3041,12.8574],[78.2859,12.8434],[78.2604,12.8576],[78.2425,12.8499],[78.2487,12.7916],[78.1638,12.7753],[78.0406,12.8503],[78.0091,12.8175],[77.9757,12.8088],[77.9346,12.8535],[77.895,12.8728],[77.7782,12.7881],[77.7575,12.7394],[77.76,12.7138],[77.6898,12.678],[77.6402,12.6821],[77.5718,12.5818],[77.5811,12.5272],[77.5768,12.495],[77.6024,12.4953],[77.6189,12.4666],[77.5721,12.358],[77.48,12.2825],[77.4648,12.2493],[77.4834,12.2075],[77.7245,12.1848],[77.7687,12.12],[77.7641,12.0963],[77.7525,12.0819],[77.7171,12.039],[77.6511,11.9579],[77.5059,11.9352],[77.462,11.8824],[77.4081,11.7916],[77.3248,11.7877],[77.272,11.8163],[77.221,11.8023],[77.1219,11.7925],[77.0962,11.7504],[76.9974,11.8259],[76.9315,11.812],[76.8442,11.7047],[76.7669,11.6405],[76.5669,11.6338],[76.5472,11.6635],[76.5036,11.7192],[76.4394,11.6976],[76.4159,11.6668],[76.3942,11.7356],[76.3638,11.7488],[76.3166,11.7469],[76.2658,11.7995],[76.2342,11.8091],[76.2048,11.8157],[76.1766,11.857],[76.1299,11.8648],[76.0987,11.8604],[76.0842,11.9267],[76.0558,11.9637],[75.905,11.9426],[75.8306,11.9577],[75.7762,12.0098],[75.756,12.072],[75.722,12.0744],[75.6939,12.082],[75.6398,12.0992],[75.6186,12.119],[75.5824,12.1473],[75.4262,12.2918],[75.3982,12.2922],[75.3816,12.3138],[75.3454,12.3904],[75.3407,12.4287],[75.3661,12.4567],[75.3668,12.4738],[75.3201,12.4703],[75.3071,12.4732],[75.284,12.5001],[75.2709,12.5132],[75.247,12.5511],[75.2253,12.6126],[75.1963,12.5984],[75.1695,12.6065],[75.1316,12.6316],[75.1024,12.6394],[75.0985,12.6673],[75.0948,12.6863],[75.0403,12.6981],[75.0149,12.6875],[75.0016,12.7045],[74.999,12.7189],[74.9647,12.7258],[74.9505,12.7616],[74.9407,12.7761],[74.8543,12.7653]]]}},{"type":"Feature","properties":{"name":"Kerala"},"geometry":{"type":"Polygon","coordinates":[[[75.2222,12.022],[75.2085,12.0084],[75.1438,12.1613],[75.1267,12.2458],[75.1061,12.2337],[75.0184,12.4147],[74.9994,12.4549],[74.9767,12.507],[74.8557,12.7594],[74.9335,12.7781],[74.9495,12.7662],[74.9585,12.7321],[74.9938,12.7201],[75.0039,12.7116],[75.008,12.6907],[75.0287,12.6888],[75.0721,12.699],[75.1013,12.6748],[75.0987,12.6467],[75.1244,12.6279],[75.155,12.6291],[75.1898,12.5969],[75.2127,12.6117],[75.2506,12.5624],[75.2646,12.5244],[75.2826,12.5006],[75.3042,12.4769],[75.3141,12.4694],[75.3643,12.4764],[75.3679,12.4625],[75.3435,12.4351],[75.3416,12.3969],[75.3752,12.3434],[75.3936,12.293],[75.4194,12.2932],[75.5527,12.1549],[75.6129,12.1277],[75.6345,12.0992],[75.6715,12.0984],[75.7164,12.0741],[75.7446,12.0753],[75.7688,12.0274],[75.8152,11.9672],[75.8826,11.9429],[76.0207,11.9517],[76.0836,11.95],[76.0863,11.8711],[76.1224,11.8614],[76.1671,11.8626],[76.2001,11.8226],[76.2243,11.8043],[76.2587,11.8061],[76.3092,11.7497],[76.3502,11.7433],[76.3893,11.744],[76.4009,11.6863],[76.4178,11.6522],[76.3863,11.6397],[76.3514,11.6004],[76.2772,11.5953],[76.2318,11.5857],[76.2311,11.5367],[76.2392,11.5103],[76.2425,11.4952],[76.4091,11.4368],[76.4614,11.4013],[76.5167,11.3521],[76.4648,11.2623],[76.4484,11.2069],[76.4958,11.2151],[76.5407,11.2004],[76.6557,11.2118],[76.7027,11.238],[76.6898,11.1892],[76.7021,11.1559],[76.7372,11.0869],[76.7665,11.0522],[76.7465,11.0289],[76.7003,11.0413],[76.6785,11.0172],[76.6775,10.9563],[76.769,10.8993],[76.839,10.8507],[76.8625,10.8079],[76.8869,10.7918],[76.8813,10.7429],[76.8638,10.6636],[76.8228,10.6458],[76.822,10.4958],[76.8101,10.4253],[76.8381,10.3729],[76.8415,10.3107],[76.8929,10.2702],[76.9367,10.2335],[76.9863,10.2313],[77.0875,10.3095],[77.2078,10.3385],[77.2471,10.2651],[77.2729,10.2142],[77.2748,10.1736],[77.2396,10.0253],[77.2293,9.8834],[77.2377,9.7966],[77.1865,9.6038],[77.1976,9.5858],[77.2252,9.5758],[77.2545,9.5572],[77.3339,9.5808],[77.3604,9.5498],[77.4038,9.4611],[77.3389,9.344],[77.2101,9.0352],[77.168,8.9842],[77.2358,8.8712],[77.2534,8.8507],[77.1807,8.7037],[77.1853,8.6657],[77.196,8.6211],[77.2748,8.5467],[77.2629,8.4959],[77.2194,8.4713],[77.2061,8.4789],[77.2141,8.4276],[77.182,8.3684],[77.1673,8.3208],[77.1547,8.2959],[77.1185,8.2935],[76.8801,8.5207],[76.7313,8.708],[76.5586,8.8907],[76.5733,8.9044],[76.6073,8.9258],[76.574,8.9426],[76.6576,8.9664],[76.6343,8.9869],[76.6685,9.0074],[76.6267,8.9975],[76.5768,8.9941],[76.5581,8.973],[76.5388,8.9726],[76.5215,8.9613],[76.5002,9.0223],[76.4645,9.1325],[76.4766,9.1166],[76.471,9.1601],[76.4282,9.2453],[76.4487,9.1452],[76.291,9.6332],[76.2468,9.8937],[76.2695,9.951],[76.2622,9.9116],[76.2669,9.876],[76.2891,9.8771],[76.2898,9.8438],[76.3086,9.8796],[76.3473,9.7269],[76.3201,9.8616],[76.3592,9.8161],[76.368,9.7156],[76.3866,9.6498],[76.3574,9.5207],[76.459,9.4973],[76.4666,9.5564],[76.407,9.5691],[76.4146,9.6827],[76.3921,9.7169],[76.3821,9.7747],[76.3965,9.8227],[76.3592,9.9154],[76.2782,9.9779],[76.2451,10.1022],[76.2153,10.1383],[76.229,10.0659],[76.2282,9.9999],[76.1849,10.1358],[76.2241,10.1969],[76.2427,10.231],[76.2228,10.2344],[76.2079,10.2346],[76.1706,10.1938],[76.1206,10.3436],[76.0633,10.4702],[76.0081,10.5671],[75.9321,10.751],[75.9241,10.7807],[75.8945,10.8498],[75.7378,11.3195],[75.7395,11.3507],[75.7112,11.3818],[75.6502,11.4678],[75.6063,11.5053],[75.5308,11.6937],[75.3558,11.8577],[75.3076,11.9322],[75.3866,11.9351],[75.3802,11.9687],[75.3161,11.9556],[75.2811,12.0106],[75.3056,12.0418],[75.3095,12.0937],[75.3483,12.1042],[75.3969,12.1288],[75.3542,12.1352],[75.3026,12.123],[75.2581,12.1046],[75.2222,12.022]]]}},{"type":"Feature","properties":{"name":"Puducherry"},"geometry":{"type":"MultiPolygon","coordinates":[[[[75.3042,12.0432],[75.2456,12.0029],[75.2245,12.0194],[75.2405,12.1092],[75.2884,12.1155],[75.3386,12.1406],[75.3969,12.1429],[75.3579,12.1129],[75.3239,12.1069],[75.3042,12.0432]]],[[[79.8467,10.9798],[79.8146,10.8187],[79.7933,10.8451],[79.8034,10.8652],[79.7842,10.8751],[79.7709,10.8853],[79.743,10.8866],[79.7124,10.9038],[79.7173,10.9353],[79.7207,10.9517],[79.7443,10.9466],[79.7287,10.9761],[79.7773,10.9718],[79.8249,10.9848],[79.8467,10.9798]]],[[[79.8496,11.9552],[79.8109,11.833],[79.756,11.8365],[79.7358,11.8384],[79.7143,11.8547],[79.7,11.869],[79.711,11.9054],[79.6947,11.925],[79.6935,11.9474],[79.6721,11.9823],[79.6881,12.0014],[79.7129,11.9805],[79.7686,11.9775],[79.7683,11.957],[79.7579,11.9308],[79.784,11.9136],[79.849,11.9551],[79.8496,11.9552]]],[[[82.2218,16.7503],[82.2633,16.7197],[82.2912,16.7421],[82.3014,16.7177],[82.2718,16.7084],[82.2606,16.6903],[82.1897,16.7104],[82.1927,16.7318],[82.2218,16.7503]]]]}},{"type":"Feature","properties":{"name":"Tamil Nadu"},"geometry":{"type":"MultiPolygon","coordinates":[[[[79.8473,10.8096],[79.8638,10.3787],[79.8146,10.2724],[79.7571,10.3091],[79.6304,10.3105],[79.6846,10.2987],[79.759,10.2822],[79.5801,10.2959],[79.5518,10.3133],[79.604,10.3291],[79.5286,10.3383],[79.4597,10.3083],[79.3855,10.3201],[79.2722,10.2344],[79.262,10.1929],[79.2375,10.1519],[79.2407,10.0106],[79.1035,9.8301],[79.0388,9.7472],[78.9773,9.6379],[78.9475,9.6029],[78.9133,9.4743],[79.0399,9.3147],[79.2738,9.2967],[79.3457,9.3065],[79.3357,9.2676],[79.3535,9.2409],[79.4403,9.1514],[79.2324,9.2579],[79.1654,9.2742],[79.0608,9.2646],[78.949,9.2705],[78.9045,9.2536],[78.8152,9.2284],[78.7407,9.1928],[78.6551,9.1616],[78.4858,9.1248],[78.2398,8.9656],[78.1745,8.7944],[78.1887,8.7654],[78.2046,8.7533],[78.155,8.6989],[78.1146,8.6579],[78.1233,8.4775],[78.0628,8.3732],[77.8062,8.2287],[77.6438,8.1557],[77.5109,8.076],[77.2947,8.147],[77.2253,8.1844],[77.1213,8.2946],[77.1624,8.3017],[77.1659,8.3315],[77.2035,8.3936],[77.206,8.4562],[77.2079,8.4806],[77.2247,8.4676],[77.2726,8.5106],[77.2691,8.5555],[77.1912,8.6298],[77.1837,8.6739],[77.1921,8.7185],[77.2522,8.8544],[77.2175,8.8813],[77.1649,9.001],[77.2299,9.0641],[77.3635,9.4162],[77.4045,9.4864],[77.3525,9.5687],[77.3161,9.5803],[77.244,9.5583],[77.2193,9.5788],[77.1927,9.5881],[77.1877,9.6128],[77.2314,9.8187],[77.2567,9.9365],[77.2243,10.0578],[77.279,10.1918],[77.2605,10.2222],[77.2416,10.2844],[77.1915,10.3513],[77.0748,10.3033],[76.9698,10.2247],[76.928,10.2356],[76.8808,10.2815],[76.8381,10.3211],[76.8318,10.3847],[76.8086,10.4371],[76.8229,10.4993],[76.8293,10.653],[76.8755,10.6785],[76.8873,10.759],[76.8836,10.7974],[76.8544,10.8149],[76.8344,10.8613],[76.7196,10.914],[76.6734,10.9749],[76.6826,11.0258],[76.7087,11.0416],[76.7557,11.0315],[76.7613,11.0568],[76.7263,11.1218],[76.6956,11.1623],[76.6963,11.2005],[76.6984,11.2401],[76.6412,11.2086],[76.5311,11.2028],[76.4905,11.2139],[76.4411,11.2141],[76.4737,11.2707],[76.4954,11.3848],[76.4482,11.4063],[76.3008,11.4703],[76.2416,11.4988],[76.237,11.5152],[76.2366,11.5527],[76.2341,11.5944],[76.2995,11.5875],[76.3604,11.612],[76.4025,11.6432],[76.419,11.6568],[76.4251,11.6827],[76.4653,11.715],[76.5441,11.6971],[76.5502,11.6454],[76.6054,11.6312],[76.827,11.6328],[76.9077,11.8002],[76.968,11.8146],[77.0265,11.814],[77.1148,11.7658],[77.1451,11.8004],[77.2477,11.8124],[77.2983,11.8064],[77.3539,11.7837],[77.4339,11.8115],[77.4849,11.9156],[77.6229,11.9497],[77.6708,11.9713],[77.7362,12.0657],[77.7594,12.0884],[77.7681,12.11],[77.7368,12.1741],[77.6678,12.2039],[77.4805,12.2315],[77.4663,12.2647],[77.529,12.3082],[77.5982,12.3899],[77.6154,12.492],[77.5861,12.4916],[77.5747,12.5001],[77.5712,12.5453],[77.6094,12.6728],[77.6691,12.6771],[77.7443,12.7069],[77.7647,12.7279],[77.7562,12.7529],[77.8013,12.8566],[77.9148,12.8684],[77.9479,12.8357],[78.0021,12.8072],[78.0136,12.8276],[78.089,12.826],[78.2744,12.6974],[78.3883,12.6325],[78.4359,12.6377],[78.4973,12.7186],[78.5041,12.7461],[78.5336,12.736],[78.6105,12.8499],[78.6393,12.9723],[78.6616,13.0137],[78.7037,13.0258],[78.7362,13.061],[78.8587,13.0805],[78.8837,13.0411],[78.9224,13.0546],[78.9363,13.0917],[78.9929,13.0869],[79.0082,13.0621],[79.0573,13.0469],[79.114,13.0394],[79.1791,13.0577],[79.2629,13.1506],[79.3037,13.1293],[79.369,13.186],[79.4266,13.2319],[79.4255,13.2682],[79.4408,13.3215],[79.4907,13.3399],[79.5442,13.3235],[79.582,13.2779],[79.6885,13.2829],[79.6912,13.2432],[79.7559,13.2241],[79.7906,13.2353],[79.7736,13.2571],[79.7543,13.277],[79.7757,13.2983],[79.8733,13.3172],[79.9635,13.3954],[79.9692,13.4271],[80.0429,13.4718],[80.053,13.4973],[80.0295,13.5194],[80.0413,13.5359],[80.1086,13.5121],[80.1066,13.4878],[80.0976,13.4638],[80.1528,13.4594],[80.2602,13.4685],[80.2747,13.44],[80.3137,13.4272],[80.3478,13.3491],[80.3237,13.2469],[80.3182,13.217],[80.3138,13.1643],[80.308,13.096],[80.2691,12.9573],[80.2287,12.675],[80.1851,12.5671],[80.1213,12.4168],[80.0637,12.3375],[80.0051,12.256],[79.9738,12.2224],[79.9275,12.1299],[79.8605,12.0115],[79.8496,11.9552],[79.7911,11.9168],[79.7673,11.9253],[79.7546,11.9426],[79.7729,11.9719],[79.7212,11.9746],[79.6925,12.002],[79.6764,11.9889],[79.6907,11.9537],[79.6935,11.9302],[79.7092,11.9141],[79.7054,11.8791],[79.7086,11.8567],[79.7314,11.8391],[79.7506,11.8384],[79.8108,11.833],[79.7859,11.7692],[79.752,11.577],[79.793,11.4262],[79.793,11.4535],[79.8193,11.3815],[79.7693,11.3809],[79.6843,11.3122],[79.742,11.3356],[79.7969,11.359],[79.835,11.2639],[79.8249,10.9848],[79.7773,10.9718],[79.7287,10.9761],[79.7443,10.9466],[79.7207,10.9517],[79.7173,10.9353],[79.7124,10.9038],[79.743,10.8866],[79.7709,10.8853],[79.7842,10.8751],[79.8034,10.8652],[79.7933,10.8451],[79.8146,10.8187],[79.8473,10.8096]]],[[[80.2881,13.5271],[80.3096,13.4793],[80.3137,13.4409],[80.3069,13.4409],[80.2777,13.5125],[80.2785,13.5143],[80.2852,13.5232],[80.2881,13.5271]]]]}},{"type":"Feature","properties":{"name":"Lakshadweep"},"geometry":{"type":"MultiPolygon","coordinates":[[[[73.6463,10.0847],[73.6441,10.077],[73.641,10.0693],[73.6371,10.0626],[73.6326,10.0573],[73.6317,10.0678],[73.6333,10.0779],[73.6375,10.0871],[73.6439,10.0945],[73.644,10.0945],[73.6452,10.0922],[73.6463,10.0847]]],[[[73.6623,10.1446],[73.6622,10.1445],[73.6603,10.1425],[73.6594,10.14],[73.6579,10.1391],[73.6546,10.1415],[73.6556,10.1448],[73.6575,10.1451],[73.6597,10.1444],[73.6623,10.1446]]],[[[72.6497,10.5669],[72.6385,10.5594],[72.6331,10.5565],[72.6275,10.5548],[72.6275,10.5548],[72.6321,10.56],[72.6486,10.574],[72.6487,10.5739],[72.6506,10.5726],[72.6504,10.5712],[72.6496,10.5693],[72.6497,10.5669]]],[[[72.5488,10.7794],[72.5488,10.7793],[72.5412,10.7729],[72.5409,10.7765],[72.5425,10.7779],[72.5454,10.7783],[72.5488,10.7794]]],[[[73.6714,10.8297],[73.6812,10.8281],[73.6844,10.8275],[73.6763,10.8244],[73.6729,10.8247],[73.6719,10.8271],[73.6714,10.8297],[73.6714,10.8297]]],[[[72.75,11.1191],[72.7476,11.1154],[72.7468,11.112],[72.745,11.1095],[72.7395,11.1088],[72.7395,11.114],[72.742,11.116],[72.7458,11.1169],[72.75,11.1191]]],[[[73.0132,11.5022],[73.0109,11.4901],[73.0088,11.4847],[73.0056,11.4796],[73.0044,11.4888],[73.0044,11.4965],[73.0071,11.5013],[73.0132,11.5022]]],[[[72.7162,11.6942],[72.7161,11.6941],[72.7087,11.6892],[72.7053,11.6873],[72.7011,11.6864],[72.7009,11.6864],[72.7051,11.6923],[72.7092,11.6942],[72.7162,11.6942]]],[[[73.0772,8.3153],[73.084,8.3085],[73.0327,8.2495],[73.0293,8.2741],[73.0632,8.2795],[73.0772,8.3153]]],[[[72.1727,10.8092],[72.1726,10.83],[72.179,10.8487],[72.1852,10.8583],[72.1893,10.8649],[72.1956,10.8727],[72.2,10.8781],[72.2,10.8644],[72.1882,10.8361],[72.1727,10.8092]]],[[[72.7891,11.2617],[72.794,11.2543],[72.7849,11.2164],[72.7704,11.2037],[72.7891,11.2617]]]]}},{"type":"Feature","properties":{"name":"Andaman and Nicobar"},"geometry":{"type":"MultiPolygon","coordinates":[[[[93.8728,12.2689],[93.8538,12.2606],[93.8519,12.2716],[93.8606,12.2812],[93.8728,12.2689]]],[[[94.2809,13.4435],[94.2908,13.4229],[94.2749,13.4203],[94.2619,13.4293],[94.2809,13.4435]]],[[[93.9203,7.0243],[93.8936,6.8768],[93.9041,6.8192],[93.8801,6.8004],[93.8342,6.7456],[93.8137,6.8083],[93.7932,6.8492],[93.7796,6.8902],[93.7653,6.9243],[93.7175,6.9926],[93.6492,7.0131],[93.6854,7.1845],[93.7302,7.2022],[93.7721,7.2117],[93.8553,7.2142],[93.8806,7.1443],[93.9129,7.0351],[93.9203,7.0243]]],[[[93.7312,7.3694],[93.697,7.3148],[93.6179,7.26],[93.6108,7.2945],[93.6167,7.3673],[93.6838,7.4217],[93.7095,7.3887],[93.7312,7.3694]]],[[[93.4295,7.9553],[93.4574,7.8802],[93.4212,7.8918],[93.3784,7.8808],[93.3403,7.9013],[93.3327,7.925],[93.305,7.9499],[93.3703,8.0173],[93.396,7.9764],[93.4295,7.9553]]],[[[93.5659,7.9993],[93.5183,7.9658],[93.5393,7.9993],[93.5659,7.9993]]],[[[93.5319,8.0347],[93.5098,8.0185],[93.4773,8.031],[93.4978,8.062],[93.5115,8.0749],[93.4663,8.0744],[93.4548,8.1701],[93.4858,8.2201],[93.531,8.1938],[93.5086,8.1288],[93.5319,8.0347]]],[[[93.1345,8.2402],[93.1673,8.2045],[93.0816,8.2424],[93.0643,8.3361],[93.1014,8.3458],[93.1345,8.2402]]],[[[93.6077,8.548],[93.6252,8.4736],[93.6004,8.4503],[93.595,8.558],[93.6077,8.548]]],[[[92.8114,9.2312],[92.7312,9.1308],[92.7139,9.2134],[92.751,9.2612],[92.8114,9.2312]]],[[[92.5851,10.7713],[92.5745,10.6555],[92.5418,10.5917],[92.5354,10.5249],[92.4441,10.5451],[92.3781,10.5413],[92.4089,10.6471],[92.3787,10.75],[92.4073,10.7899],[92.4828,10.8856],[92.568,10.8153],[92.5851,10.7713]]],[[[92.6765,11.4125],[92.6828,11.3715],[92.6196,11.3607],[92.599,11.4013],[92.6312,11.4162],[92.6356,11.508],[92.6963,11.4544],[92.6765,11.4125]]],[[[92.2668,11.5895],[92.2732,11.5311],[92.2173,11.5913],[92.2668,11.5895]]],[[[93.0425,11.9612],[93.0354,11.9119],[93.0013,11.9492],[92.9675,11.9786],[92.9722,12.0277],[93.0186,12.0158],[93.0425,11.9612]]],[[[93.1033,12.1905],[93.0962,12.1588],[93.0942,12.091],[93.0596,12.1387],[93.0733,12.2008],[93.1033,12.1905]]],[[[92.7331,12.9725],[92.7244,12.8724],[92.6951,12.8251],[92.6703,12.8677],[92.6828,12.9617],[92.717,12.9885],[92.7331,12.9725]]],[[[93.0527,13.2839],[93.0526,13.197],[93.0195,13.0336],[92.9793,13.0295],[92.9666,13.0722],[92.937,13.0671],[92.9507,12.9936],[92.936,12.9543],[92.9053,12.9822],[92.8763,12.9167],[92.9055,12.9061],[92.9299,12.8967],[92.9607,12.8472],[92.9732,12.7644],[92.9768,12.6549],[92.9906,12.5192],[92.9702,12.4683],[92.936,12.4199],[92.906,12.449],[92.8733,12.4314],[92.8636,12.3855],[92.9025,12.3571],[92.9032,12.3291],[92.8792,12.313],[92.9002,12.2832],[92.8799,12.2436],[92.8942,12.205],[92.864,12.1715],[92.8337,12.1182],[92.7993,12.0895],[92.7673,12.0612],[92.7637,12.031],[92.7406,11.9836],[92.749,11.9123],[92.7879,11.9345],[92.76,11.7087],[92.69,11.6601],[92.687,11.6116],[92.7107,11.6596],[92.7302,11.6715],[92.7615,11.6636],[92.7476,11.5978],[92.7267,11.5062],[92.699,11.5118],[92.6556,11.566],[92.6257,11.5954],[92.6374,11.6271],[92.6311,11.6474],[92.6082,11.6933],[92.5868,11.716],[92.5667,11.7862],[92.5457,11.8408],[92.5252,11.8513],[92.532,11.865],[92.5772,11.9274],[92.6145,11.8991],[92.6213,11.8749],[92.6231,11.9743],[92.6419,12.0363],[92.6818,12.2196],[92.7131,12.2326],[92.7195,12.1763],[92.7378,12.1791],[92.784,12.1894],[92.7756,12.2506],[92.7588,12.2766],[92.7894,12.2795],[92.7785,12.3101],[92.7178,12.3625],[92.7502,12.6443],[92.779,12.6527],[92.7547,12.6772],[92.7409,12.8196],[92.7857,12.84],[92.8132,12.9581],[92.808,13.0201],[92.853,13.1427],[92.8337,13.174],[92.864,13.2355],[92.8542,13.3106],[92.8914,13.4009],[92.895,13.4546],[92.938,13.5014],[92.9497,13.5446],[92.9917,13.55],[93.0061,13.5566],[93.0163,13.5674],[93.05,13.5664],[93.0596,13.4068],[93.0784,13.3971],[93.0335,13.3486],[92.9951,13.3574],[92.9905,13.3178],[93.0527,13.2839]]],[[[93.0391,13.6675],[93.0428,13.6621],[93.0527,13.6402],[93.0195,13.6494],[93.0005,13.6577],[92.9906,13.6675],[93.0195,13.6801],[93.0332,13.6802],[93.0391,13.6675]]]]}},{"type":"Feature","properties":{"name":"Jharkhand"},"geometry":{"type":"Polygon","coordinates":[[[83.3371,24.1402],[83.4077,24.2607],[83.4155,24.2968],[83.4516,24.3537],[83.4361,24.398],[83.3979,24.4572],[83.3959,24.4877],[83.4212,24.5121],[83.6372,24.5172],[83.7879,24.5373],[83.8498,24.5351],[83.9383,24.5487],[83.9887,24.5879],[84.0116,24.6328],[84.0439,24.6239],[84.1197,24.4742],[84.149,24.4849],[84.1569,24.511],[84.1702,24.4886],[84.1963,24.4819],[84.203,24.5213],[84.2401,24.5254],[84.2688,24.5177],[84.3054,24.5308],[84.3184,24.4634],[84.3528,24.4011],[84.4345,24.3465],[84.472,24.3074],[84.5192,24.3075],[84.5496,24.3523],[84.5883,24.3944],[84.6238,24.3802],[84.6753,24.4114],[84.7618,24.4747],[84.8131,24.4954],[84.8595,24.4363],[84.889,24.3728],[84.9818,24.3528],[85.0871,24.3909],[85.089,24.342],[85.1577,24.3956],[85.171,24.4309],[85.2775,24.4809],[85.3914,24.5095],[85.4953,24.5081],[85.5566,24.5279],[85.5784,24.5578],[85.6437,24.5501],[85.6603,24.6172],[85.6473,24.6486],[85.6937,24.6822],[85.7185,24.7538],[85.8492,24.7645],[86.0016,24.7291],[86.0441,24.7314],[86.0487,24.7071],[86.1077,24.6716],[86.1549,24.5561],[86.2236,24.5679],[86.3003,24.5326],[86.2725,24.4545],[86.4164,24.3519],[86.4619,24.3631],[86.4675,24.3999],[86.4944,24.4798],[86.6074,24.5613],[86.6897,24.5478],[86.745,24.5868],[86.8132,24.5542],[86.8907,24.5645],[86.9255,24.6136],[87.0423,24.5884],[87.0694,24.6681],[87.0712,24.7705],[87.0856,24.7979],[87.1217,24.8638],[87.1509,25.0316],[87.2306,25.0718],[87.2807,25.1307],[87.3152,25.1872],[87.3556,25.1971],[87.4067,25.181],[87.4414,25.2358],[87.4708,25.2842],[87.5398,25.3165],[87.5816,25.2899],[87.6812,25.2454],[87.7702,25.237],[87.7791,25.192],[87.7704,25.1479],[87.7763,25.0968],[87.7974,25.0837],[87.8589,25.0089],[87.8791,24.8787],[87.8567,24.7961],[87.8307,24.7948],[87.8124,24.7757],[87.8533,24.7584],[87.8748,24.7261],[87.883,24.6871],[87.8908,24.6559],[87.8738,24.6298],[87.8948,24.6044],[87.8492,24.5795],[87.8031,24.5919],[87.7575,24.5993],[87.7717,24.5783],[87.7871,24.5338],[87.8005,24.5008],[87.7804,24.4718],[87.7798,24.4355],[87.6918,24.2966],[87.6237,24.2605],[87.6246,24.2229],[87.6459,24.2235],[87.6509,24.1795],[87.5893,24.1708],[87.5633,24.1121],[87.5066,24.1402],[87.4926,24.0979],[87.4817,24.0402],[87.4176,24.0239],[87.3281,24.0076],[87.3161,24.0511],[87.2355,24.0404],[87.2471,24.0058],[87.2567,23.9807],[87.2827,23.9279],[87.2504,23.9055],[87.2412,23.8508],[87.2054,23.8689],[87.1543,23.8799],[87.1394,23.8599],[87.1703,23.8235],[87.0567,23.8255],[86.9963,23.8621],[86.8898,23.912],[86.8614,23.8954],[86.8463,23.8681],[86.8097,23.8181],[86.8224,23.7769],[86.6461,23.6969],[86.4105,23.6166],[86.3425,23.5541],[86.3365,23.5084],[86.3281,23.4978],[86.273,23.4537],[86.2039,23.4612],[86.1342,23.4883],[86.1215,23.5009],[86.0983,23.5787],[86.0156,23.6018],[86.0014,23.5723],[86.0048,23.5142],[85.903,23.5027],[85.8224,23.4702],[85.8415,23.4301],[85.8948,23.4165],[85.8834,23.3679],[85.844,23.307],[85.8712,23.2107],[85.8884,23.1631],[85.9826,23.175],[86.1636,23.0111],[86.218,23.0199],[86.459,23.0025],[86.4683,22.9985],[86.5065,22.9883],[86.483,22.9742],[86.4148,22.9435],[86.4148,22.9059],[86.4002,22.8394],[86.4523,22.7454],[86.4987,22.7431],[86.6013,22.619],[86.6854,22.5908],[86.7494,22.5448],[86.7571,22.5058],[86.7163,22.5056],[86.7121,22.4982],[86.7231,22.462],[86.7899,22.4156],[86.8166,22.3364],[86.8496,22.2944],[86.7723,22.2839],[86.7619,22.2406],[86.7239,22.2422],[86.6466,22.2349],[86.4866,22.3369],[86.4016,22.32],[86.3327,22.3567],[86.268,22.4224],[86.05,22.5558],[86.0053,22.5244],[85.9736,22.515],[85.9382,22.4999],[85.9406,22.4681],[85.9865,22.3936],[85.9714,22.2752],[85.9868,22.2017],[85.9726,22.1335],[85.9713,22.0977],[85.8775,21.9961],[85.7776,22.0397],[85.7826,22.0798],[85.7983,22.126],[85.7559,22.1072],[85.7058,22.0875],[85.6096,22.0921],[85.4368,22.1642],[85.379,22.147],[85.232,22.0353],[85.2081,22.0367],[85.0795,22.119],[85.0032,22.1062],[84.9925,22.1276],[85.0878,22.2802],[85.1047,22.3575],[85.0383,22.4824],[84.9441,22.4452],[84.9083,22.422],[84.7785,22.4483],[84.7482,22.4307],[84.5082,22.417],[84.5038,22.3847],[84.4846,22.3623],[84.2928,22.3282],[84.1888,22.3606],[84.1306,22.4121],[84.0074,22.5315],[83.9853,22.5799],[84.0133,22.6],[84.0565,22.6393],[84.1113,22.6439],[84.1974,22.7075],[84.2283,22.7831],[84.2667,22.8048],[84.3369,22.8619],[84.351,22.9084],[84.331,22.9703],[84.2822,23.0001],[84.2509,22.9997],[84.2171,22.9952],[84.1516,23.0244],[84.1494,22.9989],[84.1321,22.9908],[84.1119,23.0037],[84.0945,23.0726],[84.0289,23.1461],[84.0283,23.3584],[83.9989,23.3894],[83.9564,23.3587],[83.944,23.3953],[83.9522,23.4505],[83.9562,23.4829],[84.0101,23.5442],[83.9975,23.5989],[83.9863,23.639],[83.9498,23.6338],[83.9237,23.6235],[83.9181,23.598],[83.9163,23.5638],[83.8356,23.5904],[83.7882,23.5855],[83.7525,23.6058],[83.7193,23.6853],[83.7353,23.7383],[83.6966,23.8187],[83.5269,23.9845],[83.5218,24.0659],[83.4592,24.1146],[83.3371,24.1402]]]}},{"type":"Feature","properties":{"name":"Delhi"},"geometry":{"type":"Polygon","coordinates":[[[77.2008,28.8768],[77.2272,28.7836],[77.3177,28.6873],[77.3375,28.6262],[77.311,28.5965],[77.3032,28.5629],[77.2413,28.4975],[77.2326,28.4653],[77.2348,28.4428],[77.137,28.4554],[77.0894,28.4897],[77.0034,28.5589],[76.985,28.5377],[76.8727,28.5194],[76.8633,28.5449],[76.8337,28.5789],[76.8723,28.6282],[76.916,28.6422],[76.9473,28.6962],[76.9378,28.7403],[76.9436,28.8263],[77.0362,28.8533],[77.077,28.882],[77.1552,28.8616],[77.2008,28.8768]]]}},{"type":"Feature","properties":{"name":"Chandigarh"},"geometry":{"type":"Polygon","coordinates":[[[76.7739,30.799],[76.8194,30.7568],[76.822,30.7221],[76.8068,30.6833],[76.7806,30.6735],[76.7307,30.7232],[76.6937,30.7635],[76.7415,30.7965],[76.7739,30.799]]]}},{"type":"Feature","properties":{"name":"Madhya Pradesh"},"geometry":{"type":"Polygon","coordinates":[[[78.3261,26.8598],[78.396,26.8242],[78.4383,26.8087],[78.518,26.7832],[78.6017,26.7643],[78.6426,26.7751],[78.7241,26.7764],[78.7583,26.773],[78.7924,26.7621],[78.8735,26.7006],[78.9358,26.6944],[78.9382,26.6681],[79.0281,26.4976],[79.0397,26.3751],[79.0608,26.3551],[79.0284,26.3011],[78.9711,26.2813],[78.9382,26.2546],[78.9556,26.2039],[78.9271,26.1781],[78.9248,26.1332],[78.9531,26.1003],[78.8905,25.9789],[78.824,25.8765],[78.7609,25.8088],[78.7296,25.7607],[78.7319,25.7208],[78.7545,25.6651],[78.7476,25.6427],[78.5721,25.5824],[78.4957,25.5783],[78.3567,25.5396],[78.2549,25.404],[78.2723,25.3562],[78.3605,25.2105],[78.3455,25.1392],[78.3304,25.082],[78.3249,25.0022],[78.1804,24.8925],[78.1819,24.8466],[78.2271,24.7733],[78.2523,24.7072],[78.258,24.6449],[78.2704,24.6032],[78.2239,24.5192],[78.2543,24.4821],[78.2775,24.4531],[78.3444,24.4147],[78.3319,24.3637],[78.3458,24.3189],[78.4081,24.3084],[78.4462,24.3456],[78.4527,24.3845],[78.4777,24.4116],[78.5904,24.3454],[78.6733,24.2871],[78.7466,24.2794],[78.7558,24.2492],[78.8098,24.2202],[78.8797,24.2964],[78.9469,24.3845],[78.9785,24.44],[78.9285,24.4807],[78.9138,24.4981],[78.9216,24.5234],[78.8878,24.5827],[78.8565,24.6386],[78.7915,24.6421],[78.7331,24.6354],[78.7154,24.6851],[78.7362,24.7255],[78.7296,24.8305],[78.6591,24.9243],[78.6179,25.1089],[78.5486,25.2378],[78.5136,25.2734],[78.5304,25.3157],[78.5793,25.3699],[78.5758,25.394],[78.5971,25.414],[78.6609,25.4059],[78.691,25.3732],[78.7275,25.3464],[78.7321,25.3808],[78.7457,25.4168],[78.7262,25.4556],[78.7342,25.502],[78.7819,25.524],[78.8003,25.4776],[78.8169,25.4172],[78.8548,25.4447],[78.8553,25.5021],[78.8911,25.5381],[78.9191,25.5046],[78.9085,25.4545],[78.9289,25.4389],[78.9581,25.4378],[78.9549,25.3857],[78.9372,25.3218],[78.9231,25.2914],[78.8677,25.2377],[78.8698,25.1805],[78.9169,25.1962],[78.9615,25.2257],[78.9864,25.2584],[78.9986,25.2827],[79.0284,25.2714],[79.0474,25.2569],[79.0082,25.2029],[79.024,25.1746],[79.1003,25.1967],[79.1192,25.1478],[79.1524,25.1661],[79.1921,25.1803],[79.2347,25.1751],[79.2868,25.169],[79.2631,25.2747],[79.2759,25.334],[79.3236,25.3558],[79.2929,25.2933],[79.2945,25.2594],[79.3239,25.2444],[79.3406,25.2664],[79.3795,25.2797],[79.4226,25.2938],[79.4396,25.2863],[79.3687,25.175],[79.3331,25.1272],[79.3374,25.0811],[79.3962,25.0855],[79.3938,25.1368],[79.4381,25.1416],[79.4508,25.1173],[79.4795,25.1055],[79.5222,25.1584],[79.56,25.1794],[79.6485,25.1493],[79.7676,25.1562],[79.8017,25.1319],[79.8633,25.1532],[79.8642,25.1774],[79.8348,25.2177],[79.8404,25.2407],[79.9154,25.2598],[80.0153,25.3309],[80.1213,25.3497],[80.1809,25.3942],[80.2056,25.4159],[80.2535,25.4147],[80.2901,25.4045],[80.3171,25.3373],[80.3421,25.2772],[80.3719,25.2468],[80.3901,25.2473],[80.4058,25.2351],[80.4203,25.1913],[80.4133,25.1711],[80.3666,25.1489],[80.3457,25.1315],[80.3047,25.0893],[80.2739,25.0894],[80.2653,25.0638],[80.2971,25.0121],[80.3671,25.0207],[80.4003,25.0112],[80.4045,25.0511],[80.4135,25.0624],[80.4584,25.0151],[80.5139,25.0505],[80.4703,25.0737],[80.4578,25.1095],[80.4724,25.116],[80.5387,25.1053],[80.5538,25.1259],[80.5586,25.1509],[80.5862,25.1391],[80.6309,25.0785],[80.6756,25.0777],[80.7264,25.0878],[80.6732,25.1387],[80.67,25.1523],[80.7698,25.16],[80.7942,25.1979],[80.8061,25.2122],[80.8354,25.2177],[80.8595,25.2007],[80.8243,25.0874],[80.7957,25.0599],[80.7906,25.0326],[80.7649,25.0001],[80.7671,24.977],[80.8404,24.9706],[80.9152,24.9744],[80.9605,24.9534],[81.0149,24.9624],[81.1244,24.939],[81.1705,24.9517],[81.1848,24.9729],[81.1739,24.9994],[81.1771,25.0187],[81.2355,25.0891],[81.2411,25.1256],[81.257,25.1683],[81.3092,25.1719],[81.3677,25.1533],[81.3662,25.1285],[81.3791,25.1078],[81.4569,25.1114],[81.462,25.1401],[81.4445,25.1747],[81.5674,25.1345],[81.5785,25.1084],[81.5779,25.0845],[81.6651,25.0645],[81.7216,25.0381],[81.7658,25.0207],[81.8081,25.0355],[81.8539,25.0136],[81.874,24.9802],[81.8669,24.9477],[81.8811,24.9215],[81.9998,24.8599],[82.1055,24.8134],[82.1374,24.8092],[82.2014,24.8459],[82.2154,24.8273],[82.2051,24.7782],[82.226,24.7563],[82.2498,24.7823],[82.2664,24.7851],[82.2681,24.7109],[82.2893,24.7077],[82.319,24.702],[82.3027,24.6381],[82.4097,24.6356],[82.424,24.6839],[82.4271,24.7186],[82.5951,24.6877],[82.7007,24.7215],[82.7153,24.6877],[82.7647,24.6698],[82.7892,24.6281],[82.818,24.5894],[82.783,24.5596],[82.7397,24.5599],[82.7433,24.5067],[82.7341,24.4197],[82.767,24.386],[82.7411,24.2778],[82.6885,24.1926],[82.6794,24.1668],[82.7305,24.121],[82.7348,24.0823],[82.7493,24.0583],[82.7865,23.9742],[82.7681,23.929],[82.67,23.8956],[82.6508,23.8448],[82.553,23.794],[82.4154,23.7831],[82.1077,23.7986],[81.9369,23.8407],[81.8087,23.7947],[81.6819,23.8851],[81.6304,23.8462],[81.6651,23.7479],[81.6796,23.6778],[81.6254,23.6354],[81.6015,23.5718],[81.601,23.5363],[81.6441,23.4821],[81.7341,23.536],[81.8006,23.531],[81.9506,23.4667],[82.0174,23.3922],[82.0434,23.3636],[82.1353,23.3499],[82.1646,23.2102],[82.1294,23.0965],[82.0205,23.0714],[81.9334,22.9992],[81.8653,22.8815],[81.7793,22.8358],[81.768,22.7254],[81.7664,22.664],[81.655,22.5912],[81.624,22.5411],[81.5396,22.52],[81.4597,22.462],[81.4029,22.4484],[81.3445,22.4972],[81.2582,22.4544],[81.205,22.4722],[81.1648,22.4653],[81.1241,22.3376],[81.0537,22.2336],[81.0208,22.1409],[80.9864,22.1145],[81.0022,22.0631],[80.9498,22.0929],[80.8849,22.0574],[80.8379,21.8461],[80.7541,21.7565],[80.7206,21.6027],[80.7058,21.4345],[80.6441,21.3324],[80.612,21.3317],[80.4647,21.4035],[80.4099,21.3921],[80.3953,21.4149],[80.4176,21.4468],[80.3878,21.4926],[80.3188,21.5606],[80.2761,21.5847],[80.1822,21.6325],[80.0887,21.5918],[79.9847,21.5483],[79.9779,21.562],[79.922,21.5425],[79.8621,21.5282],[79.8285,21.557],[79.7813,21.5921],[79.6603,21.5852],[79.6001,21.5474],[79.5516,21.55],[79.5399,21.5914],[79.4863,21.6635],[79.3991,21.6904],[79.3088,21.6941],[79.2376,21.7093],[79.2273,21.6639],[79.1159,21.6219],[78.9321,21.5823],[78.9311,21.5439],[78.9042,21.5093],[78.7381,21.484],[78.5612,21.4961],[78.5137,21.5266],[78.4667,21.5156],[78.4319,21.5074],[78.4284,21.5157],[78.4143,21.5788],[78.3877,21.6237],[78.3404,21.6199],[78.2084,21.5594],[78.1444,21.4987],[77.9102,21.4006],[77.8054,21.4229],[77.7439,21.4001],[77.6901,21.3859],[77.6381,21.3988],[77.5904,21.3854],[77.5535,21.3973],[77.5195,21.4177],[77.4938,21.3912],[77.4818,21.4239],[77.4307,21.5116],[77.444,21.5471],[77.5749,21.5483],[77.5614,21.5835],[77.5518,21.6968],[77.5093,21.7296],[77.4973,21.7472],[77.4607,21.77],[77.2965,21.7481],[77.2429,21.7169],[77.2107,21.7009],[77.1915,21.7177],[77.1155,21.724],[76.8997,21.6127],[76.7889,21.5499],[76.7855,21.5047],[76.7771,21.4801],[76.7295,21.413],[76.6464,21.3587],[76.6396,21.3205],[76.6363,21.22],[76.5236,21.1916],[76.4496,21.1224],[76.3174,21.0819],[76.1439,21.1069],[76.1036,21.1669],[76.1154,21.1753],[76.1429,21.1931],[76.0938,21.3586],[76.0489,21.3652],[75.9368,21.3925],[75.7065,21.3782],[75.5923,21.3808],[75.48,21.3763],[75.3475,21.3847],[75.1405,21.4291],[75.1062,21.4831],[75.0115,21.5735],[74.9285,21.5913],[74.8647,21.6161],[74.7081,21.6112],[74.6609,21.6453],[74.5345,21.7076],[74.5069,21.7637],[74.487,21.8201],[74.428,22.0062],[74.3424,21.982],[74.29,21.966],[74.2844,21.9449],[74.2049,21.9251],[74.129,22.0247],[74.1233,22.0933],[74.1065,22.1524],[74.0662,22.2056],[74.0586,22.2768],[74.0722,22.3443],[74.0985,22.3458],[74.1368,22.3209],[74.2117,22.3405],[74.2445,22.3754],[74.2215,22.4094],[74.113,22.4107],[74.0257,22.4796],[74.0504,22.5205],[74.1297,22.5039],[74.1976,22.5556],[74.3179,22.6136],[74.3602,22.6324],[74.4591,22.8225],[74.4009,22.8816],[74.3706,22.8728],[74.3439,22.9869],[74.3633,23.0651],[74.4226,23.0688],[74.55,23.0987],[74.7196,23.1694],[74.6768,23.2151],[74.622,23.2266],[74.542,23.2478],[74.5199,23.2763],[74.6314,23.4204],[74.779,23.4874],[74.8533,23.527],[74.8935,23.6096],[74.9267,23.6518],[74.9385,23.7217],[74.9038,23.8056],[74.9468,24.002],[74.9685,24.0413],[74.9192,24.0883],[74.8883,24.1553],[74.856,24.2472],[74.7593,24.2567],[74.7335,24.2773],[74.7596,24.3357],[74.8384,24.42],[74.8171,24.4746],[74.7119,24.5239],[74.7843,24.6681],[74.7692,24.731],[74.7913,24.7816],[74.8103,24.7267],[74.8511,24.6817],[74.919,24.6666],[74.9654,24.694],[74.9713,24.7487],[74.9665,24.7902],[74.9289,24.7858],[74.8492,24.7954],[74.8372,24.8364],[74.8153,24.9165],[74.8617,24.927],[74.9097,24.8933],[74.9668,24.8662],[75.0143,24.8727],[75.0715,24.8908],[75.0954,24.8966],[75.0938,24.9778],[75.1136,25.0016],[75.1293,25.0313],[75.1578,25.0458],[75.3049,25.058],[75.3238,25.0538],[75.293,24.9867],[75.3216,24.9446],[75.295,24.927],[75.2514,24.9365],[75.2452,24.9114],[75.3215,24.8882],[75.4051,24.9019],[75.3942,24.8733],[75.337,24.8424],[75.2622,24.8453],[75.2025,24.8929],[75.1839,24.878],[75.2104,24.821],[75.1736,24.7747],[75.1922,24.7319],[75.2791,24.7242],[75.4165,24.701],[75.649,24.7383],[75.7588,24.7774],[75.8186,24.6975],[75.8201,24.6513],[75.874,24.5011],[75.8495,24.4726],[75.7772,24.4962],[75.7354,24.44],[75.7464,24.3572],[75.7806,24.3248],[75.804,24.2925],[75.7478,24.19],[75.805,24.1191],[75.7653,24.0554],[75.73,24.0007],[75.693,24.0216],[75.6336,23.9955],[75.5893,24.0132],[75.5389,24.0414],[75.5031,24.0143],[75.5014,23.9217],[75.5834,23.8679],[75.6376,23.8138],[75.6929,23.7891],[75.7096,23.8226],[75.727,23.8778],[75.7287,23.9162],[75.7664,23.8928],[75.8476,23.9047],[75.9942,23.9764],[76.0016,24.0006],[75.9847,24.0369],[76.1192,24.1503],[76.1195,24.2318],[76.124,24.312],[76.155,24.3432],[76.1922,24.3455],[76.1902,24.3106],[76.2303,24.2779],[76.3586,24.2651],[76.4669,24.262],[76.4948,24.2144],[76.5427,24.2152],[76.5725,24.2732],[76.6492,24.3094],[76.6729,24.2838],[76.654,24.2405],[76.7429,24.1747],[76.8222,24.1745],[76.8627,24.175],[76.8854,24.2126],[76.878,24.2611],[76.8164,24.4261],[76.8064,24.4759],[76.8136,24.5212],[76.8217,24.5763],[76.8491,24.5687],[76.8805,24.5619],[76.8981,24.5264],[76.9004,24.4992],[76.9386,24.499],[77.0519,24.5526],[77.0462,24.6496],[76.9668,24.7375],[76.931,24.7411],[76.7952,24.8168],[76.7919,24.8517],[76.8473,24.8624],[76.8817,24.8905],[76.8638,24.9672],[76.8455,25.0066],[76.869,25.0402],[77.007,25.089],[77.1874,25.1275],[77.2543,25.1301],[77.3097,25.11],[77.3555,25.1297],[77.3824,25.1429],[77.388,25.1909],[77.3967,25.2207],[77.3601,25.2698],[77.3611,25.3038],[77.3614,25.3322],[77.3434,25.3791],[77.3586,25.4071],[77.3465,25.4313],[77.3118,25.4456],[77.2371,25.4222],[77.2081,25.3648],[77.1648,25.3397],[77.0958,25.3554],[77.0015,25.3176],[76.9135,25.3093],[76.8191,25.3445],[76.7659,25.3347],[76.6937,25.3762],[76.6415,25.3849],[76.5916,25.4438],[76.5514,25.4601],[76.4922,25.6868],[76.4812,25.7322],[76.5175,25.7574],[76.546,25.8483],[76.5919,25.8806],[76.6362,25.9142],[76.7156,25.9161],[76.7702,25.954],[76.8043,25.9744],[76.8155,26.0188],[76.8953,26.0825],[76.9455,26.1082],[76.9986,26.145],[77.0491,26.1843],[77.0899,26.1904],[77.1247,26.2379],[77.2301,26.2625],[77.2881,26.3],[77.3234,26.352],[77.3951,26.3662],[77.4323,26.3862],[77.4999,26.4116],[77.6168,26.483],[77.6994,26.502],[77.7728,26.5485],[77.8699,26.6193],[77.8943,26.6597],[77.95,26.6698],[78.0215,26.691],[78.0593,26.6802],[78.0874,26.7211],[78.0999,26.7535],[78.12,26.7946],[78.1822,26.8173],[78.2549,26.8173],[78.286,26.8548],[78.3261,26.8598]]]}},{"type":"Feature","properties":{"name":"Chhattisgarh"},"geometry":{"type":"Polygon","coordinates":[[[83.0888,23.911],[83.1562,23.9309],[83.2213,23.9542],[83.253,24.0056],[83.3019,24.0776],[83.3371,24.1402],[83.4592,24.1146],[83.5218,24.0659],[83.5269,23.9845],[83.6966,23.8187],[83.7353,23.7383],[83.7193,23.6853],[83.7525,23.6058],[83.7882,23.5855],[83.8356,23.5904],[83.9163,23.5638],[83.9181,23.598],[83.9237,23.6235],[83.9498,23.6338],[83.9863,23.639],[83.9975,23.5989],[84.0101,23.5442],[83.9562,23.4829],[83.9522,23.4505],[83.944,23.3953],[83.9564,23.3587],[83.9989,23.3894],[84.0283,23.3584],[84.0289,23.1461],[84.0945,23.0726],[84.1119,23.0037],[84.1321,22.9908],[84.1494,22.9989],[84.1516,23.0244],[84.2171,22.9952],[84.2509,22.9997],[84.2822,23.0001],[84.331,22.9703],[84.351,22.9084],[84.3369,22.8619],[84.2667,22.8048],[84.2283,22.7831],[84.1974,22.7075],[84.1113,22.6439],[84.0565,22.6393],[84.0133,22.6],[83.9853,22.5799],[83.9681,22.5226],[83.9971,22.4518],[83.9891,22.4171],[83.9319,22.3655],[83.8167,22.3325],[83.64,22.2233],[83.5487,22.1129],[83.5654,22.0797],[83.5649,22.0521],[83.5222,22.0284],[83.5153,21.9639],[83.5664,21.9282],[83.5613,21.8836],[83.5571,21.8349],[83.5222,21.8303],[83.5112,21.7962],[83.4864,21.8085],[83.4633,21.7661],[83.3433,21.56],[83.3262,21.4878],[83.3413,21.4362],[83.3875,21.3771],[83.3708,21.3367],[83.3011,21.3587],[83.2659,21.3431],[83.2552,21.3116],[83.2571,21.2903],[83.1862,21.1535],[83.1291,21.1179],[83.0479,21.1357],[83.0089,21.1509],[82.977,21.1762],[82.8223,21.1579],[82.7822,21.1449],[82.7526,21.1601],[82.6447,21.1444],[82.6441,21.1043],[82.5482,20.9394],[82.5146,20.9237],[82.463,20.8554],[82.4159,20.8338],[82.405,20.8494],[82.401,20.8724],[82.353,20.8805],[82.342,20.8608],[82.3603,20.7058],[82.3667,20.6571],[82.3401,20.5425],[82.3612,20.4992],[82.3727,20.5069],[82.3825,20.484],[82.4019,20.4533],[82.4203,20.4516],[82.4143,20.3204],[82.428,20.2415],[82.4134,20.0933],[82.4708,20.0414],[82.5098,20.0219],[82.5726,20.0192],[82.5985,19.9928],[82.6263,19.9919],[82.6477,20.0041],[82.6926,20.0014],[82.7009,19.9688],[82.6855,19.8876],[82.7133,19.8555],[82.6823,19.8227],[82.6011,19.7746],[82.5732,19.7749],[82.5729,19.8147],[82.5737,19.8474],[82.4887,19.8679],[82.3611,19.8839],[82.338,19.8672],[82.3049,19.8233],[82.2179,19.973],[82.1708,19.9771],[82.1566,19.9915],[82.1411,20.0127],[82.0851,20.057],[82.0659,20.0537],[82.0461,20.0179],[82.0163,20.0169],[82.0093,20.0445],[81.9396,20.1047],[81.8678,20.0467],[81.8131,19.9455],[81.8332,19.9038],[81.9435,19.8321],[81.9781,19.7882],[82.0362,19.7671],[82.0312,19.6765],[82.0321,19.5948],[82.0669,19.4972],[82.1022,19.4458],[82.1426,19.4287],[82.17,19.3951],[82.1396,19.3647],[82.1585,19.3347],[82.1532,19.2714],[82.1485,19.2129],[82.1674,19.1549],[82.1879,19.1009],[82.2065,19.0465],[82.2254,18.9963],[82.2142,18.9135],[82.1789,18.8898],[82.1646,18.8672],[82.1502,18.7828],[82.1183,18.7551],[82.0953,18.7688],[82.0591,18.7124],[81.9895,18.7002],[81.9478,18.6581],[81.9168,18.6442],[81.9037,18.6219],[81.9419,18.594],[81.9328,18.5542],[81.8695,18.5082],[81.7723,18.4132],[81.7171,18.341],[81.6705,18.3249],[81.5934,18.2722],[81.5537,18.2698],[81.5218,18.2181],[81.5137,18.1888],[81.5231,18.1503],[81.5031,18.0799],[81.4829,18.0514],[81.4822,17.9941],[81.4637,17.9443],[81.4493,17.9057],[81.4395,17.8774],[81.4178,17.8857],[81.3973,17.8831],[81.3907,17.837],[81.2747,17.8038],[81.1776,17.8315],[81.1355,17.8299],[81.0449,17.7761],[80.9856,17.8405],[80.948,18.0286],[80.9419,18.1026],[80.9591,18.1482],[80.8969,18.1407],[80.857,18.1556],[80.8472,18.208],[80.8163,18.2093],[80.8047,18.1725],[80.7534,18.1642],[80.7295,18.198],[80.7637,18.2278],[80.7701,18.259],[80.7058,18.3968],[80.6441,18.4703],[80.5518,18.5669],[80.4866,18.6062],[80.3943,18.5931],[80.3697,18.6101],[80.3445,18.6107],[80.3175,18.6521],[80.3031,18.7051],[80.2648,18.7318],[80.2748,18.7769],[80.2839,18.9203],[80.3462,19.0815],[80.3971,19.2342],[80.4473,19.2721],[80.4898,19.3344],[80.5427,19.3786],[80.6003,19.3417],[80.68,19.3215],[80.7205,19.2616],[80.7612,19.2985],[80.8322,19.3454],[80.8057,19.4033],[80.8694,19.4194],[80.897,19.4686],[80.8381,19.5431],[80.8064,19.5514],[80.7014,19.5975],[80.6677,19.689],[80.6,19.7137],[80.5581,19.7552],[80.5284,19.8155],[80.4943,19.8057],[80.4872,19.7835],[80.4842,19.7681],[80.4316,19.7733],[80.411,19.7991],[80.463,19.8241],[80.4832,19.846],[80.4734,19.874],[80.4275,19.8882],[80.4448,19.9312],[80.4983,19.9233],[80.5311,19.9207],[80.5518,20.0249],[80.5532,20.0732],[80.507,20.1419],[80.4141,20.1652],[80.4244,20.2341],[80.5105,20.2629],[80.5751,20.3029],[80.6224,20.3259],[80.6165,20.3714],[80.6171,20.4735],[80.6289,20.5238],[80.6227,20.5856],[80.6146,20.6062],[80.5795,20.617],[80.5325,20.5931],[80.5011,20.5926],[80.4962,20.6189],[80.5589,20.6672],[80.5568,20.7808],[80.5521,20.9193],[80.5274,20.9379],[80.4912,20.9302],[80.4557,20.9508],[80.4346,21.0137],[80.4596,21.1359],[80.5485,21.2067],[80.6784,21.302],[80.7214,21.4732],[80.7243,21.6158],[80.7878,21.7612],[80.8329,21.9078],[80.9034,22.0853],[80.9777,22.0528],[81.0034,22.0777],[80.9907,22.1185],[81.0235,22.194],[81.0954,22.2567],[81.1208,22.3651],[81.178,22.4784],[81.2121,22.4524],[81.2773,22.4698],[81.3581,22.498],[81.4178,22.4375],[81.4783,22.4725],[81.5596,22.5235],[81.6423,22.5508],[81.6696,22.6093],[81.7667,22.6822],[81.7852,22.7443],[81.7885,22.8529],[81.9065,22.9127],[81.9342,23.0173],[82.0708,23.1003],[82.1417,23.1132],[82.1897,23.2887],[82.1249,23.3622],[82.0344,23.3676],[82.0054,23.3922],[81.9275,23.4954],[81.779,23.5365],[81.7137,23.5183],[81.6283,23.4878],[81.5952,23.5494],[81.6086,23.5791],[81.6469,23.643],[81.6862,23.6903],[81.6395,23.8066],[81.6293,23.8583],[81.7017,23.8705],[81.8361,23.7954],[82.0049,23.8364],[82.2036,23.8005],[82.4987,23.7724],[82.5679,23.8041],[82.6536,23.8568],[82.6916,23.9051],[82.7791,23.939],[82.7865,23.9809],[82.9123,23.9307],[83.0052,23.9178],[83.0888,23.911]]]}},{"type":"Feature","properties":{"name":"Haryana"},"geometry":{"type":"Polygon","coordinates":[[[76.8101,30.9343],[76.8377,30.9033],[76.8897,30.9017],[76.9393,30.8595],[76.964,30.8159],[76.9987,30.7902],[77.0433,30.7605],[77.141,30.693],[77.1482,30.6098],[77.1341,30.5544],[77.2041,30.483],[77.2762,30.474],[77.3591,30.4498],[77.397,30.43],[77.4539,30.4487],[77.4418,30.4181],[77.497,30.4246],[77.5851,30.3829],[77.5701,30.2782],[77.4143,30.1524],[77.339,30.0697],[77.3179,30.0404],[77.301,30.037],[77.2791,30.0271],[77.2299,29.9766],[77.1618,29.7712],[77.1339,29.7644],[77.1414,29.7333],[77.1139,29.6822],[77.089,29.6115],[77.079,29.5763],[77.0703,29.5364],[77.0656,29.5037],[77.1074,29.4692],[77.1027,29.4269],[77.1454,29.3955],[77.1339,29.3426],[77.1448,29.3016],[77.1402,29.1242],[77.1358,29.1085],[77.1694,29.0365],[77.1755,28.9631],[77.2207,28.9144],[77.1552,28.8616],[77.077,28.882],[77.0362,28.8533],[76.9436,28.8263],[76.9378,28.7403],[76.9473,28.6962],[76.916,28.6422],[76.8723,28.6282],[76.8337,28.5789],[76.8633,28.5449],[76.8727,28.5194],[76.985,28.5377],[77.0034,28.5589],[77.0894,28.4897],[77.137,28.4554],[77.2348,28.4428],[77.2326,28.4653],[77.2413,28.4975],[77.3352,28.5079],[77.3769,28.4841],[77.3851,28.4576],[77.4171,28.4598],[77.4282,28.4307],[77.4697,28.4249],[77.4721,28.3404],[77.4888,28.2725],[77.5387,28.2431],[77.525,28.2257],[77.497,28.2089],[77.5072,28.1702],[77.4697,28.1127],[77.4797,28.0365],[77.5265,27.9745],[77.4888,27.92],[77.4468,27.8894],[77.3902,27.8607],[77.3264,27.8398],[77.2807,27.8094],[77.2299,27.7927],[77.2057,27.8175],[77.1775,27.7992],[77.158,27.817],[77.099,27.7975],[77.0318,27.7918],[77.076,27.754],[77.0059,27.7301],[76.9406,27.6803],[76.8914,27.6838],[76.9172,27.7051],[76.9089,27.7226],[76.9154,27.8153],[76.9423,27.8578],[76.9427,27.9235],[76.9344,27.9679],[76.9331,27.9985],[76.9235,28.0679],[76.9346,28.157],[76.868,28.218],[76.8427,28.2339],[76.7963,28.2116],[76.7365,28.1478],[76.6935,28.1204],[76.652,28.0903],[76.6424,28.0678],[76.6594,28.0213],[76.6147,28.0091],[76.5833,27.9951],[76.5437,27.9788],[76.5218,28.0383],[76.4868,28.0436],[76.4527,28.0743],[76.4734,28.0882],[76.44,28.1171],[76.4635,28.1185],[76.4825,28.1221],[76.4324,28.1682],[76.3574,28.1613],[76.3435,28.1841],[76.3088,28.201],[76.3058,28.1669],[76.3407,28.1397],[76.3092,28.1227],[76.328,28.0978],[76.3432,28.0635],[76.2667,28.0775],[76.232,28.0711],[76.1868,28.0745],[76.1665,28.0651],[76.1578,28.0197],[76.1797,27.9229],[76.2014,27.8856],[76.2113,27.8472],[76.1791,27.8077],[75.9999,27.8427],[75.9739,27.8802],[75.9315,27.9181],[75.9587,27.9524],[75.9861,27.9706],[75.9661,27.9998],[75.9767,28.0142],[75.9928,28.0507],[76.03,28.1021],[76.0022,28.1052],[75.9793,28.085],[75.9414,28.1177],[75.9731,28.1441],[76.0195,28.178],[76.0544,28.1691],[76.0814,28.1746],[76.0479,28.2214],[75.9118,28.3847],[75.8341,28.4194],[75.7914,28.4291],[75.771,28.4555],[75.7436,28.4876],[75.6565,28.5673],[75.5936,28.6427],[75.5264,28.8044],[75.5014,28.878],[75.4894,28.9394],[75.5209,28.9665],[75.5104,29.0005],[75.424,29.0637],[75.392,29.1151],[75.3903,29.143],[75.3777,29.1763],[75.4057,29.1876],[75.4092,29.2075],[75.3881,29.2576],[75.349,29.2392],[75.3246,29.2465],[75.3311,29.2898],[75.277,29.2822],[75.2678,29.2644],[75.2141,29.2537],[75.1742,29.2722],[75.1213,29.2465],[75.0796,29.2363],[75.0492,29.2783],[74.9976,29.2802],[74.9696,29.2843],[74.9356,29.3445],[74.9072,29.3785],[74.8568,29.394],[74.8088,29.3981],[74.7673,29.3662],[74.7041,29.371],[74.6491,29.3635],[74.6363,29.3339],[74.6052,29.3384],[74.5664,29.3951],[74.5393,29.4357],[74.5505,29.4654],[74.6021,29.4704],[74.6119,29.5307],[74.5748,29.5897],[74.6062,29.7423],[74.5843,29.7701],[74.5651,29.7563],[74.5339,29.7505],[74.4983,29.7362],[74.4617,29.7518],[74.476,29.8166],[74.5247,29.8408],[74.5497,29.8695],[74.5262,29.9018],[74.5778,29.9338],[74.6594,29.9239],[74.7107,29.9684],[74.7673,29.9747],[74.8268,29.9813],[74.8524,29.9627],[74.9276,29.9414],[74.9375,29.9154],[74.9746,29.8881],[75.0045,29.8728],[75.0678,29.8884],[75.0798,29.9076],[75.0953,29.9278],[75.1068,29.9021],[75.0988,29.8766],[75.0934,29.8672],[75.0982,29.834],[75.1341,29.8058],[75.1499,29.7939],[75.1601,29.8243],[75.1932,29.8327],[75.2036,29.8003],[75.2383,29.7519],[75.2272,29.746],[75.2105,29.7474],[75.2048,29.7341],[75.2056,29.7053],[75.1743,29.6901],[75.1925,29.6633],[75.1893,29.6483],[75.2136,29.6213],[75.2208,29.6012],[75.2486,29.5598],[75.3035,29.5892],[75.2906,29.6215],[75.3299,29.6628],[75.3442,29.6792],[75.3848,29.7223],[75.4525,29.8092],[75.5302,29.7864],[75.6044,29.7647],[75.6986,29.769],[75.7175,29.7943],[75.786,29.831],[75.8298,29.8211],[75.8755,29.7606],[75.9569,29.7386],[76.0318,29.7548],[76.1258,29.8185],[76.2139,29.8587],[76.2001,29.8954],[76.181,29.9281],[76.1837,29.9736],[76.2219,30.0464],[76.217,30.0637],[76.2246,30.0817],[76.2448,30.0964],[76.2024,30.1182],[76.2207,30.1398],[76.2742,30.1117],[76.3172,30.1066],[76.3278,30.1304],[76.346,30.1366],[76.3735,30.117],[76.394,30.1494],[76.3862,30.1717],[76.4093,30.1859],[76.4375,30.1243],[76.4865,30.0908],[76.6248,30.1428],[76.6387,30.1821],[76.6374,30.2054],[76.6093,30.2176],[76.5992,30.2365],[76.5864,30.2481],[76.5561,30.2209],[76.5354,30.225],[76.5646,30.2619],[76.6499,30.2968],[76.7402,30.3629],[76.719,30.3734],[76.7242,30.4165],[76.7865,30.4229],[76.8453,30.4175],[76.8805,30.3583],[76.907,30.3958],[76.896,30.4866],[76.9104,30.5142],[76.8931,30.5438],[76.8994,30.6048],[76.8793,30.6375],[76.8544,30.6753],[76.8464,30.682],[76.8188,30.7032],[76.8241,30.7498],[76.8146,30.7891],[76.8352,30.8359],[76.8086,30.8524],[76.7778,30.8973],[76.7963,30.9303],[76.8101,30.9343]]]}},{"type":"Feature","properties":{"name":"Telangana"},"geometry":{"type":"Polygon","coordinates":[[[77.5512,18.3079],[77.5478,18.352],[77.5195,18.4033],[77.5481,18.4428],[77.5595,18.4878],[77.5752,18.5224],[77.6022,18.5566],[77.67,18.5669],[77.703,18.5974],[77.7053,18.6587],[77.7254,18.7002],[77.7755,18.7027],[77.8305,18.7983],[77.8738,18.8266],[77.9121,18.847],[77.8548,18.897],[77.8414,18.9383],[77.8191,18.9507],[77.8043,18.9646],[77.7953,18.9872],[77.7666,18.9894],[77.7615,19.018],[77.7566,19.0592],[77.8018,19.0995],[77.8336,19.1214],[77.8319,19.1493],[77.855,19.2284],[77.8913,19.2794],[77.8655,19.2974],[77.9031,19.3278],[77.9364,19.3297],[77.9891,19.325],[78.037,19.2707],[78.0939,19.2698],[78.1292,19.263],[78.1801,19.279],[78.1723,19.3651],[78.1918,19.3988],[78.2308,19.4563],[78.2976,19.4759],[78.3033,19.5513],[78.3334,19.6433],[78.3924,19.692],[78.4028,19.7281],[78.371,19.7508],[78.3292,19.8913],[78.3929,19.853],[78.4149,19.8223],[78.496,19.8063],[78.5066,19.8185],[78.5337,19.8247],[78.5699,19.8135],[78.6786,19.7927],[78.78,19.7767],[78.8306,19.7426],[78.8475,19.7245],[78.8888,19.6367],[78.9254,19.6097],[78.9643,19.5896],[78.9803,19.5738],[78.9885,19.5603],[79.0126,19.5544],[79.0427,19.548],[79.0971,19.5311],[79.1705,19.4771],[79.2183,19.4744],[79.2321,19.5252],[79.2455,19.5595],[79.3489,19.5801],[79.3895,19.544],[79.5008,19.5372],[79.5472,19.5307],[79.5625,19.5141],[79.59,19.5105],[79.6073,19.5429],[79.6361,19.5698],[79.7354,19.6034],[79.8352,19.555],[79.8649,19.509],[79.9082,19.4933],[79.9311,19.4825],[79.9574,19.4452],[79.9611,19.3649],[79.953,19.2978],[79.9306,19.2702],[79.9291,19.231],[79.9193,19.1584],[79.8647,19.0484],[79.9545,18.9684],[79.9502,18.8553],[80.0019,18.7856],[80.084,18.7014],[80.2515,18.7005],[80.3031,18.7051],[80.3175,18.6521],[80.3445,18.6107],[80.3697,18.6101],[80.3943,18.5931],[80.4866,18.6062],[80.5518,18.5669],[80.6441,18.4703],[80.7058,18.3968],[80.7701,18.259],[80.7637,18.2278],[80.7295,18.198],[80.7534,18.1642],[80.8047,18.1725],[80.8163,18.2093],[80.8472,18.208],[80.857,18.1556],[80.8969,18.1407],[80.9591,18.1482],[80.9419,18.1026],[80.948,18.0286],[80.9856,17.8405],[81.0449,17.7761],[81.1355,17.8299],[81.1776,17.8315],[81.2747,17.8038],[81.4602,17.7905],[81.4919,17.8006],[81.5243,17.8235],[81.6227,17.8283],[81.7044,17.861],[81.759,17.9089],[81.7085,17.7996],[81.5292,17.5884],[81.2904,17.345],[81.1442,17.2495],[80.8931,17.1556],[80.8558,17.0531],[80.6416,17.1169],[80.4942,17.0594],[80.3974,17.0791],[80.3843,16.976],[80.5258,16.9523],[80.5821,16.8873],[80.5979,16.7933],[80.3931,16.8385],[80.2806,16.9974],[80.1531,17.0231],[80.0127,16.9021],[80.0733,16.8229],[80.043,16.7386],[79.9635,16.6365],[79.9097,16.6313],[79.8263,16.6921],[79.752,16.7237],[79.6797,16.689],[79.6238,16.6683],[79.5894,16.6623],[79.5748,16.6468],[79.5425,16.6282],[79.4963,16.6402],[79.4351,16.6035],[79.3134,16.5794],[79.2478,16.554],[79.2199,16.4733],[79.2115,16.3773],[79.2266,16.2895],[79.1841,16.221],[79.0916,16.2288],[78.9229,16.1898],[78.9026,16.1466],[78.8748,16.1403],[78.8412,16.1429],[78.819,16.0484],[78.6842,16.0463],[78.5816,16.0562],[78.5396,16.0655],[78.4998,16.0938],[78.3535,16.0527],[78.2998,16.0228],[78.252,16.0206],[78.2369,15.9696],[78.1657,15.9007],[78.124,15.8499],[77.9501,15.8998],[77.8956,15.918],[77.8576,15.8956],[77.686,15.8939],[77.5632,15.9323],[77.474,15.9835],[77.4814,16.0686],[77.4803,16.1838],[77.4885,16.2505],[77.5306,16.2926],[77.5526,16.3322],[77.4933,16.3782],[77.2937,16.4065],[77.2736,16.4651],[77.3787,16.5322],[77.397,16.5717],[77.4356,16.605],[77.4453,16.6457],[77.4136,16.6469],[77.4245,16.671],[77.4356,16.7055],[77.4096,16.7378],[77.4316,16.7996],[77.4421,16.9747],[77.4652,17.0426],[77.4252,17.1423],[77.3782,17.1619],[77.3744,17.2226],[77.5256,17.4304],[77.5706,17.445],[77.5993,17.4869],[77.682,17.555],[77.655,17.5721],[77.5991,17.5468],[77.5495,17.5741],[77.4929,17.5776],[77.423,17.6125],[77.4636,17.7134],[77.5254,17.7463],[77.526,17.7864],[77.5003,17.8123],[77.5158,17.8456],[77.5496,17.8633],[77.6267,17.9422],[77.6035,18.0337],[77.5577,18.0862],[77.5855,18.1065],[77.601,18.1251],[77.5709,18.2496],[77.5833,18.2915],[77.5512,18.3079]]]}}]}